id,suite,code,command,phase,geometry,physics_dt,stress,duration_s,completed,termination_reason,displacement_x_m,displacement_y_m,displacement_z_m,yaw_change_degrees,mean_vx_mps,mean_vy_mps,mean_yaw_rate_rps,velocity_rmse_mps,yaw_rate_rmse_rps,lateral_drift_m,backward_distance_m,root_z_min_delta_m,root_z_max_delta_m,root_z_rms_delta_m,roll_rms_degrees,pitch_rms_degrees,maximum_abs_roll_degrees,maximum_abs_pitch_degrees,minimum_upright,absolute_mechanical_work_j,estimated_absolute_electrical_energy_j,mechanical_cost_of_transport,peak_actuator_torque_nm,peak_estimated_current_a,peak_contact_force_n,slip_distance_m,mean_stance_contacts,forbidden_collision_steps,ik_failure_frames,mean_stride_clip_fraction,minimum_ik_backoff_scale,sector_rate_peak_dps,sector_excursion_peak_degrees,sector_rate_violation_frames,distal_target_rate_peak_dps,loaded_leg_min,fraction_physics_samples_below_three_loaded,scheduled_stance_min,velocity_integral_forward_mps
0,main,U,"[0.18, 0, 0]",0.0,decomposed-arc,0.002,{},7.999999999999341,True,,0.9294169124659728,-0.04894270348940433,0.004080912383207159,-4.047271343434297,0.11617711405825618,-0.006117837936176045,-0.008829776333068562,0.08010827635161312,0.06242817584449798,0.04894270348940433,0.0012335745822810802,-0.000112013628760399,0.011112613737810195,0.004725216065042034,0.2630314722711829,0.351641428534178,1.2407957477637723,1.257706968949888,0.9995522962742225,39.332795054833355,60.762314744711595,1.0353356449540485,3.0,3.2658290186930463,21.222978130850283,0.21339238841585753,3.12825,0,0,0.0,1.0,349.64203760921976,38.3043424199407,0,907.8574884553177,2,0.02175,3,0.11510083892122008
1,main,B,"[0.18, 0, 0]",0.0,decomposed-arc,0.002,{},7.999999999999341,True,,0.9294169124659728,-0.04894270348940433,0.004080912383207159,-4.047271343434297,0.11617711405825618,-0.006117837936176045,-0.008829776333068562,0.08010827635161312,0.06242817584449798,0.04894270348940433,0.0012335745822810802,-0.000112013628760399,0.011112613737810195,0.004725216065042034,0.2630314722711829,0.351641428534178,1.2407957477637723,1.257706968949888,0.9995522962742225,39.332795054833355,60.762314744711595,1.0353356449540485,3.0,3.2658290186930463,21.222978130850283,0.21339238841585753,3.12825,0,0,0.0,1.0,349.64203760921976,38.3043424199407,0,907.8574884553177,2,0.02175,3,0.11510083892122008
2,main,G,"[0.18, 0, 0]",0.0,decomposed-arc,0.002,{},7.999999999999341,True,,0.9294169124659728,-0.04894270348940433,0.004080912383207159,-4.047271343434297,0.11617711405825618,-0.006117837936176045,-0.008829776333068562,0.08010827635161312,0.06242817584449798,0.04894270348940433,0.0012335745822810802,-0.000112013628760399,0.011112613737810195,0.004725216065042034,0.2630314722711829,0.351641428534178,1.2407957477637723,1.257706968949888,0.9995522962742225,39.332795054833355,60.762314744711595,1.0353356449540485,3.0,3.2658290186930463,21.222978130850283,0.21339238841585753,3.12825,0,0,0.0,1.0,349.64203760921976,38.3043424199407,0,907.8574884553177,2,0.02175,3,0.11510083892122008
3,main,N,"[0.18, 0, 0]",0.0,decomposed-arc,0.002,{},7.999999999999341,True,,0.7603024827675817,-0.01249564648745787,0.003925120744982991,-2.4713661298963148,0.09503781034595554,-0.0015619558109323623,-0.005391684498620514,0.0970817248471134,0.03342728455467858,0.01249564648745787,1.1747421538282868e-05,-0.00031206221115673283,0.006053436494309478,0.0046793983878775985,0.26371151829771083,0.31469508789496065,0.43110014522758927,0.48560581482535936,0.999952386465139,37.89101013858268,58.32272111659346,1.2207574384249555,3.0,2.3244723506049016,15.697832215100537,0.19892142593857856,3.095,0,0,0.0,1.0,0.0,0.0,0,686.3989639097596,2,0.03,3,0.09433522438626876
4,main,S,"[0.18, 0, 0]",0.0,decomposed-arc,0.002,{},0.6000000000000004,False,ik-target-rejected,0.0643590979166905,-0.02472489182104121,0.010709071825719839,5.96220500553147,0.1072651631944841,-0.041208153035068654,0.1734335133756847,0.11083924085871671,0.2410030595376688,0.02472489182104121,1.1747421538282868e-05,-2.43817549579195e-05,0.010765861902286178,0.006191110320538408,0.47816825464205237,0.7459602211106494,0.8232138704074765,1.230552874601363,0.999734032685716,3.4937433357430754,10.04890116618154,1.2414420113952322,2.5,1.2537065874600115,16.054226919556534,0.043120714449690845,4.293333333333333,0,1,0.0,0.40960000000000013,81.21045837087912,32.33561333986843,0,956.4577645565436,2,0.01,3,0.11600337837113182
5,main,D,"[0.18, 0, 0]",0.0,decomposed-arc,0.002,{},1.260000000000001,False,ik-target-rejected,0.15856979085852604,0.004281873843195849,0.009728860633917043,-4.239861039093916,0.12584904036390948,0.0033983125739649573,-0.05872978965017206,0.10491356502211444,0.12997841627175533,0.004281873843195849,0.0010570619120769589,-0.000112013628760399,0.011482633060437092,0.007753068972315762,0.715056769371198,0.6779199071599168,1.2287536152993728,1.1273246285789538,0.9996669052952165,4.936562210691712,13.763943780817849,0.7624021862671355,2.5,1.213197973740807,15.193921727065021,0.06007751331902258,4.068253968253968,0,1,0.0,0.40960000000000013,82.84080057540919,57.6,0,877.7696177827166,2,0.006349206349206349,3,0.11779227675979646
6,main,P,"[0.18, 0, 0]",0.0,decomposed-arc,0.002,{},7.999999999999341,True,,0.8999651136998201,0.02774277137008246,0.004128464968155797,2.52722586419868,0.11249563921248679,0.0034678464212605934,0.00551355153397871,0.08009096425818614,0.06815429034591682,0.02774277137008246,0.00028212763887138686,-0.00041444046472335905,0.005800306767435981,0.004350855499555377,0.17311230073988704,0.3082924413367915,0.8147552021384349,0.6013754649205671,0.9998498203483092,38.51557756798129,57.83548143281929,1.047955254952671,1.8815008975561938,1.0086979422249165,17.084717459669367,0.19271734615776695,3.05475,0,0,0.0,1.0,232.00473305268713,25.09875360627308,0,502.50265154010805,2,0.02425,3,0.11281820543577652
7,main,U,"[0.18, 0, 0]",0.125,decomposed-arc,0.002,{},7.999999999999341,True,,0.9143918239792949,0.0007782381693337194,0.004055724046545375,0.4802861804817782,0.11429897799742127,9.727977116672293e-05,0.0010478219001544306,0.07955805528127628,0.04512819525265589,0.0007782381693337194,9.000879929489185e-06,-0.000570306333370213,0.005579009859623896,0.004401767426807128,0.18340804956291135,0.31621357392202654,0.741048869825195,0.7680540487031439,0.9998476333598665,38.85142324755148,59.523590423896685,1.0409088293406934,2.5,1.191969706452288,19.061918401776538,0.21722546511130633,3.11725,0,0,0.0,1.0,345.88983168341315,37.56173098708228,0,642.240771447571,2,0.01525,3,0.11423501867740737
8,main,B,"[0.18, 0, 0]",0.125,decomposed-arc,0.002,{},7.999999999999341,True,,0.9143918239792949,0.0007782381693337194,0.004055724046545375,0.4802861804817782,0.11429897799742127,9.727977116672293e-05,0.0010478219001544306,0.07955805528127628,0.04512819525265589,0.0007782381693337194,9.000879929489185e-06,-0.000570306333370213,0.005579009859623896,0.004401767426807128,0.18340804956291135,0.31621357392202654,0.741048869825195,0.7680540487031439,0.9998476333598665,38.85142324755148,59.523590423896685,1.0409088293406934,2.5,1.191969706452288,19.061918401776538,0.21722546511130633,3.11725,0,0,0.0,1.0,345.88983168341315,37.56173098708228,0,642.240771447571,2,0.01525,3,0.11423501867740737
9,main,G,"[0.18, 0, 0]",0.125,decomposed-arc,0.002,{},7.999999999999341,True,,0.9143918239792949,0.0007782381693337194,0.004055724046545375,0.4802861804817782,0.11429897799742127,9.727977116672293e-05,0.0010478219001544306,0.07955805528127628,0.04512819525265589,0.0007782381693337194,9.000879929489185e-06,-0.000570306333370213,0.005579009859623896,0.004401767426807128,0.18340804956291135,0.31621357392202654,0.741048869825195,0.7680540487031439,0.9998476333598665,38.85142324755148,59.523590423896685,1.0409088293406934,2.5,1.191969706452288,19.061918401776538,0.21722546511130633,3.11725,0,0,0.0,1.0,345.88983168341315,37.56173098708228,0,642.240771447571,2,0.01525,3,0.11423501867740737
10,main,N,"[0.18, 0, 0]",0.125,decomposed-arc,0.002,{},7.999999999999341,True,,0.7601010390944309,-0.011765737532467284,0.004722113394639857,-2.0330781660474053,0.0950126298868117,-0.0014707171915585317,-0.004435488493492267,0.09713081458950741,0.0342558962724777,0.011765737532467284,5.141351742619229e-06,-0.0007229385289206081,0.006038820382425147,0.004661688844200166,0.2613828572148162,0.31467365354374266,0.4299616291444956,0.4769242697035603,0.9999536053283259,37.18146040383851,56.94842214924703,1.198233190590027,2.74991144917825,1.6882113378188466,16.85552291851179,0.20090289599876462,3.0575,0,0,0.0,1.0,0.0,0.0,0,571.0259082012257,2,0.0395,3,0.09438205080187638
11,main,S,"[0.18, 0, 0]",0.125,decomposed-arc,0.002,{},0.6000000000000004,False,ik-target-rejected,0.06647199810554275,-0.023275776303917983,0.010258979214781486,3.748866154359344,0.11078666350923783,-0.038792960506529944,0.10905009601691414,0.10610256868729129,0.19807092943956092,0.023275776303917983,4.931641196700832e-06,-0.0004878074767013796,0.01031618880236218,0.006046140917492429,0.4045997205479277,0.6730103924130969,0.779885823460018,1.06654379449562,0.9998084040009537,3.597300921047434,10.117642432102725,1.2513003338514839,2.5,1.1986338031832722,14.46096392355116,0.046253278869015584,4.266666666666667,0,1,0.0,0.40960000000000013,249.026077028784,28.450356773730746,0,897.50898975213,2,0.013333333333333334,3,0.11433882208360485
12,main,D,"[0.18, 0, 0]",0.125,decomposed-arc,0.002,{},1.260000000000001,False,ik-target-rejected,0.13420993208000215,-0.011757197454891915,0.008181947298657812,1.4503641433965933,0.10651581911111274,-0.009331109091184052,0.020090182265982307,0.10582629430049152,0.036665493933391614,0.011757197454891915,2.287683064362776e-05,-0.000570306333370213,0.008274935612001433,0.005251868642495842,0.3464864789150455,0.5073686896965732,0.741048869825195,0.8401750372273042,0.9998904017526563,4.975845258621676,14.166433054851362,0.9048162066373611,2.5,1.191969706452288,14.449340350847805,0.0615886220565617,4.660317460317461,0,1,0.0,0.40960000000000013,82.80854078874462,57.6,0,491.0505440763643,3,0.0,3,0.10609638948180472
13,main,P,"[0.18, 0, 0]",0.125,decomposed-arc,0.002,{},7.999999999999341,True,,0.8998326880618189,0.026505385591653913,0.0040825180318704,2.7114952073106076,0.11247908600773664,0.003313173198957012,0.005915564877452527,0.08040404027955331,0.06348901938089234,0.026505385591653913,5.477744598946952e-06,-0.0008690470272343653,0.0056408719566151955,0.0043276437930483466,0.17682250721294313,0.30662594038749,0.8549394271385848,0.5651980634116239,0.9998422427236656,38.34579592510546,57.0791074263288,1.0435323469469953,1.8432912618329573,1.0155081832810848,12.67339970927492,0.19550833335620724,3.03425,0,0,0.0,1.0,231.5627888608815,25.030353888158835,0,499.6920426164351,2,0.01525,3,0.11286288603908172
14,main,U,"[0.18, 0, 0]",0.25,decomposed-arc,0.002,{},7.999999999999341,True,,0.9098584145080891,0.009315033060774861,0.0032585516721082577,1.0596926484311977,0.11373230181352051,0.0011643791325969535,0.0023118907217880807,0.07984388652523697,0.0446153367365817,0.009315033060774861,4.380125665966213e-05,-0.0005313781875538603,0.005298585860316146,0.00434663068092875,0.14695586078006728,0.3095327305342112,0.5844025915603291,0.6968383884724627,0.9998879859629455,38.922547903152456,59.35719124472422,1.0479557329364457,3.0,2.389369646538957,14.319450878344231,0.22131756056668456,3.084,0,0,0.0,1.0,337.7940862083612,36.45388491079332,0,660.461278070062,2,0.03375,3,0.11390977485742013
15,main,B,"[0.18, 0, 0]",0.25,decomposed-arc,0.002,{},7.999999999999341,True,,0.9098584145080891,0.009315033060774861,0.0032585516721082577,1.0596926484311977,0.11373230181352051,0.0011643791325969535,0.0023118907217880807,0.07984388652523697,0.0446153367365817,0.009315033060774861,4.380125665966213e-05,-0.0005313781875538603,0.005298585860316146,0.00434663068092875,0.14695586078006728,0.3095327305342112,0.5844025915603291,0.6968383884724627,0.9998879859629455,38.922547903152456,59.35719124472422,1.0479557329364457,3.0,2.389369646538957,14.319450878344231,0.22131756056668456,3.084,0,0,0.0,1.0,337.7940862083612,36.45388491079332,0,660.461278070062,2,0.03375,3,0.11390977485742013
16,main,G,"[0.18, 0, 0]",0.25,decomposed-arc,0.002,{},7.999999999999341,True,,0.9098584145080891,0.009315033060774861,0.0032585516721082577,1.0596926484311977,0.11373230181352051,0.0011643791325969535,0.0023118907217880807,0.07984388652523697,0.0446153367365817,0.009315033060774861,4.380125665966213e-05,-0.0005313781875538603,0.005298585860316146,0.00434663068092875,0.14695586078006728,0.3095327305342112,0.5844025915603291,0.6968383884724627,0.9998879859629455,38.922547903152456,59.35719124472422,1.0479557329364457,3.0,2.389369646538957,14.319450878344231,0.22131756056668456,3.084,0,0,0.0,1.0,337.7940862083612,36.45388491079332,0,660.461278070062,2,0.03375,3,0.11390977485742013
17,main,N,"[0.18, 0, 0]",0.25,decomposed-arc,0.002,{},7.999999999999341,True,,0.7519006531874474,-0.017616773573649543,0.004068241560527412,-1.9398532397229205,0.09398758164843866,-0.002202096696706374,-0.004232103254830826,0.09765265731399589,0.03581769436811224,0.017616773573649543,1.3251733239604007e-05,-0.0006959871386393313,0.006024376505785967,0.0046764290405777184,0.26084617694086115,0.3076893306506375,0.42303388293689986,0.4638223179885709,0.9999554698625703,37.38779388257548,57.18511684789597,1.217835020250759,2.570568927866712,1.5849592506137966,16.347814157676158,0.20258276126584457,3.056,0,0,0.0,1.0,0.0,0.0,0,631.2663985805074,2,0.0405,3,0.09347848917437346
18,main,S,"[0.18, 0, 0]",0.25,decomposed-arc,0.002,{},0.6000000000000004,False,ik-target-rejected,0.0602305327116607,-0.013299754930345612,0.012664072736499997,4.0065299636472265,0.10038422118610109,-0.02216625821724267,0.11654523240908794,0.11814118084552758,0.2676443864172826,0.013299754930345612,5.159119692383661e-05,-0.0005001279714576257,0.012710929139983979,0.006984487560308831,0.3367252898998099,0.7327088285875378,0.5843809310861307,1.1969027451329455,0.9997569871407219,4.304578362620284,10.704013231619978,1.7096780498102844,2.5,1.5127561821758104,14.999531565717515,0.05138620760042526,3.8033333333333332,0,1,0.0,0.40960000000000013,219.67480671425506,29.91879130713675,0,667.6909092913561,2,0.08,3,0.10462776567604805
19,main,D,"[0.18, 0, 0]",0.25,decomposed-arc,0.002,{},1.260000000000001,False,ik-target-rejected,0.13515242201983402,-0.013297287412354506,0.008389602390887358,1.6814722876215074,0.1072638269998682,-0.010553402708217854,0.023291450555584424,0.10502320614094086,0.0419072544399281,0.013297287412354506,4.380125665966213e-05,-0.0005313781875538603,0.0084841753703217,0.004949324204082048,0.24653653068815198,0.4955439201955487,0.5548839119604398,0.8255687270931049,0.999898497466749,5.021619633024123,13.941586472677425,0.9058709649991689,2.5,1.1919133254270373,14.319450878344231,0.06484476271131194,4.698412698412699,0,1,0.0,0.40960000000000013,82.74075744533924,57.6,0,660.461278070062,3,0.0,3,0.1071759063143112
20,main,P,"[0.18, 0, 0]",0.25,decomposed-arc,0.002,{},7.999999999999341,True,,0.8973393600615811,0.02643113105256659,0.0032777458881087995,2.94261825902542,0.11216742000770688,0.003303891381571096,0.006419797156162645,0.08122119957770395,0.06132782449392096,0.02643113105256659,4.1323754788942553e-05,-0.0009075059230796989,0.005460416371661364,0.004326835997841181,0.182385976602178,0.3047429247734239,0.9411260182288824,0.5499170094186546,0.9998236155099498,38.502287910311814,57.38779174157075,1.050702476328961,3.0,2.3055454160766145,18.871250670196613,0.20082203452402356,3.02625,0,0,0.0,1.0,231.45263743090806,24.977784252864232,0,503.6228184078823,2,0.03,3,0.11271769080584014
21,main,U,"[0.18, 0, 0]",0.375,decomposed-arc,0.002,{},7.999999999999341,True,,0.9031689794745105,0.01764064280499197,0.004021380645308559,0.7405043950686816,0.1128961224343231,0.002205080350624178,0.0016155299774298026,0.07951576672493144,0.04324264762492858,0.01764064280499197,0.00011340837040491548,-0.00020365062239099951,0.005265390205134307,0.0043005418683736574,0.13289390208907845,0.301437274880274,0.5151636178721596,0.6235113053586164,0.9999127528868121,38.76425042615595,60.69290381123001,1.0512785505499582,3.0,2.51660435530036,13.586834193510562,0.22538161729397738,3.094,0,0,0.0,1.0,323.6888261331643,34.80117277300049,0,592.6219405023005,2,0.034,3,0.1129382967131521
22,main,B,"[0.18, 0, 0]",0.375,decomposed-arc,0.002,{},7.999999999999341,True,,0.9031689794745105,0.01764064280499197,0.004021380645308559,0.7405043950686816,0.1128961224343231,0.002205080350624178,0.0016155299774298026,0.07951576672493144,0.04324264762492858,0.01764064280499197,0.00011340837040491548,-0.00020365062239099951,0.005265390205134307,0.0043005418683736574,0.13289390208907845,0.301437274880274,0.5151636178721596,0.6235113053586164,0.9999127528868121,38.76425042615595,60.69290381123001,1.0512785505499582,3.0,2.51660435530036,13.586834193510562,0.22538161729397738,3.094,0,0,0.0,1.0,323.6888261331643,34.80117277300049,0,592.6219405023005,2,0.034,3,0.1129382967131521
23,main,G,"[0.18, 0, 0]",0.375,decomposed-arc,0.002,{},7.999999999999341,True,,0.9031689794745105,0.01764064280499197,0.004021380645308559,0.7405043950686816,0.1128961224343231,0.002205080350624178,0.0016155299774298026,0.07951576672493144,0.04324264762492858,0.01764064280499197,0.00011340837040491548,-0.00020365062239099951,0.005265390205134307,0.0043005418683736574,0.13289390208907845,0.301437274880274,0.5151636178721596,0.6235113053586164,0.9999127528868121,38.76425042615595,60.69290381123001,1.0512785505499582,3.0,2.51660435530036,13.586834193510562,0.22538161729397738,3.094,0,0,0.0,1.0,323.6888261331643,34.80117277300049,0,592.6219405023005,2,0.034,3,0.1129382967131521
24,main,N,"[0.18, 0, 0]",0.375,decomposed-arc,0.002,{},7.999999999999341,True,,0.7413449728283091,-0.020556877862960447,0.004408237374597781,-1.4141943395917365,0.09266812160354627,-0.0025696097328702676,-0.0030852934361180794,0.09892206143038182,0.037755369621576926,0.020556877862960447,0.0003467547985266639,-0.00039453516539803,0.006023927390993472,0.0046133844424133055,0.2637311193787023,0.29958914722369484,0.4174372050643728,0.4571741812879698,0.9999564074561331,37.29265658465257,57.55115061134619,1.231896791526562,1.8856796375122782,1.1592188602017437,16.921022495551785,0.20163376702293404,3.08625,0,0,0.0,1.0,0.0,0.0,0,557.8892486423981,2,0.0425,3,0.09224065428751257
25,main,S,"[0.18, 0, 0]",0.375,decomposed-arc,0.002,{},0.6000000000000004,False,ik-target-rejected,0.06836776225538206,0.00935438302048179,0.01145102793066613,0.1592754465655624,0.1139462704256367,0.01559063836746964,0.004633134933588927,0.13193287942990956,0.15812468097757523,0.00935438302048179,0.0002108794044491544,-0.00021084206096100289,0.011488585727688183,0.00618113599909469,0.31312580926459305,0.5610526316445772,0.7042189673018444,0.9287046133152586,0.9998108248690808,4.196784715264522,10.602783839174663,1.4899646383330296,3.0,2.6464434131513466,15.832394745231106,0.058641300741220925,4.016666666666667,0,1,0.0,0.40960000000000013,175.67949226685718,33.172629866514434,0,617.6816987674484,2,0.08333333333333333,3,0.10960723842752465
26,main,D,"[0.18, 0, 0]",0.375,decomposed-arc,0.002,{},1.260000000000001,False,ik-target-rejected,0.1366067133281481,-0.002098259651179793,0.008558017386788318,0.9937619952448974,0.10841802645091113,-0.001665285437444279,0.013765411744612445,0.09938670605919593,0.03492447550489093,0.002098259651179793,0.00013111043117285858,-0.00020365062239099951,0.008646357581350989,0.004626117909469602,0.21827180651582054,0.48397266327854876,0.45572899712273396,0.8165089890332069,0.9999033075626891,4.993629990330886,14.72688997734551,0.8954293870567435,2.5,1.1945797286838935,13.586834193510562,0.0723798703373111,4.8428571428571425,0,1,0.0,0.40960000000000013,82.67792396069638,57.6,0,475.96320761516466,2,0.0031746031746031746,3,0.10746452557874175
27,main,P,"[0.18, 0, 0]",0.375,decomposed-arc,0.002,{},7.999999999999341,True,,0.8864025732107704,0.03285624846137499,0.0040426394916570395,3.3776004469121625,0.11080032165135544,0.004107031057672212,0.007368781076931754,0.08419852476914341,0.06553530454470347,0.03285624846137499,0.00027424593568574606,-0.001839215404902922,0.005388808366418307,0.00431779590249178,0.19781387226848368,0.2987472524170336,1.1254910511799077,0.5754217280432888,0.999781198538864,38.625132078170324,59.52958767675156,1.0667903377457744,3.0,2.5167516656226585,12.498678572718095,0.2104050818684016,3.065,0,0,0.0,1.0,231.96200936410634,24.939229633251543,0,506.1747664443459,2,0.02425,3,0.11136268147435205
28,main,U,"[0.18, 0, 0]",0.5,decomposed-arc,0.002,{},7.999999999999341,True,,0.9067034403876068,0.07909351067332489,0.004461151182121954,6.868191367140182,0.11333793004846018,0.009886688834166425,0.014984069126707092,0.08271313361423333,0.08161428412883148,0.07909351067332489,0.003031134013817621,0.0,0.009295680246689253,0.004506604622218114,0.2777832181670333,0.35232939491683885,1.177850107334759,1.2810447593551035,0.9995378219150819,39.38040485826245,60.69201425829919,1.0600029059259222,2.5,1.2666378386594312,21.443364960907626,0.21425326716381032,3.1305,0,0,0.0,1.0,349.64200897792387,38.304339283295704,0,815.4327062629178,2,0.0425,3,0.11448089723099762
29,main,B,"[0.18, 0, 0]",0.5,decomposed-arc,0.002,{},7.999999999999341,True,,0.9067034403876068,0.07909351067332489,0.004461151182121954,6.868191367140182,0.11333793004846018,0.009886688834166425,0.014984069126707092,0.08271313361423333,0.08161428412883148,0.07909351067332489,0.003031134013817621,0.0,0.009295680246689253,0.004506604622218114,0.2777832181670333,0.35232939491683885,1.177850107334759,1.2810447593551035,0.9995378219150819,39.38040485826245,60.69201425829919,1.0600029059259222,2.5,1.2666378386594312,21.443364960907626,0.21425326716381032,3.1305,0,0,0.0,1.0,349.64200897792387,38.304339283295704,0,815.4327062629178,2,0.0425,3,0.11448089723099762
30,main,G,"[0.18, 0, 0]",0.5,decomposed-arc,0.002,{},7.999999999999341,True,,0.9067034403876068,0.07909351067332489,0.004461151182121954,6.868191367140182,0.11333793004846018,0.009886688834166425,0.014984069126707092,0.08271313361423333,0.08161428412883148,0.07909351067332489,0.003031134013817621,0.0,0.009295680246689253,0.004506604622218114,0.2777832181670333,0.35232939491683885,1.177850107334759,1.2810447593551035,0.9995378219150819,39.38040485826245,60.69201425829919,1.0600029059259222,2.5,1.2666378386594312,21.443364960907626,0.21425326716381032,3.1305,0,0,0.0,1.0,349.64200897792387,38.304339283295704,0,815.4327062629178,2,0.0425,3,0.11448089723099762
31,main,N,"[0.18, 0, 0]",0.5,decomposed-arc,0.002,{},7.999999999999341,True,,0.7607280272849894,-0.015186528332573244,0.004921161675760148,-1.2325010174227513,0.09509100341063151,-0.001898316041571812,-0.0026889000985260976,0.0966843983450347,0.03395740247000624,0.015186528332573244,1.1747421538282868e-05,-0.001163354093350527,0.006007677756401569,0.004690116787891141,0.2668072796902682,0.3204329519320927,0.42313738803913803,0.5197329163854268,0.9999460814190796,37.80107454150138,58.87281488357054,1.21710054588681,3.0,2.3315708094645826,17.59950456999481,0.19647781992275465,3.08225,0,0,0.0,1.0,0.0,0.0,0,631.3093907417851,2,0.01825,3,0.09466781943613335
32,main,S,"[0.18, 0, 0]",0.5,decomposed-arc,0.002,{},0.5800000000000004,False,ik-target-rejected,0.0799237125575931,0.0210514985115035,0.009552613885554905,-0.8487835490793398,0.1377995044096432,0.036295687088799114,-0.025541495807236816,0.10198148112300594,0.10008635373147802,0.0210514985115035,1.1747421538282868e-05,0.0,0.009602365369739713,0.006386421456656502,0.46597583065580017,0.6327906693345108,0.8762207731235309,0.9732361242238371,0.9998607080769144,3.173544199874554,9.433140103155338,0.9406796715874013,2.5,1.2682911605871514,16.333239173196898,0.04167203939021931,4.341379310344828,0,1,0.0,0.40960000000000013,80.96285855154068,32.33561598774962,0,545.660682255459,3,0.0,3,0.13000168967672146
33,main,D,"[0.18, 0, 0]",0.5,decomposed-arc,0.002,{},1.260000000000001,False,ik-target-rejected,0.13660938045712098,-0.0042576992619549996,0.009099857161495535,6.060034787319225,0.1084201432199372,-0.0033791263983769812,0.08394250779691644,0.1048949918363035,0.17696815319564355,0.0042576992619549996,0.00015041989359651083,0.0,0.009425496551555251,0.005459739808553654,0.6644446505267828,0.6467390157713575,1.1389553303413205,1.0695622579489192,0.9997514358721279,4.772809637675094,13.888074889689637,0.8555019663849441,2.5,1.2270359991055833,15.77704165415317,0.054957322106849886,4.376190476190477,0,1,0.0,0.40960000000000013,82.840793791787,57.6,0,632.4325754657124,2,0.004761904761904762,3,0.11333716844496738
34,main,P,"[0.18, 0, 0]",0.5,decomposed-arc,0.002,{},7.999999999999341,True,,0.9071596386524052,-0.016323622971301254,0.0044002545977022325,-1.1622541437119875,0.11339495483156,-0.002040452871412825,-0.0025356451940904004,0.07904622567308711,0.06444170591628137,0.016323622971301254,1.1747421538282868e-05,-0.0010360510938449696,0.005547530731445954,0.004365915475119997,0.17572829860272351,0.3100684431487781,0.847537110088745,0.6488306107255245,0.9998650875096402,38.60770585969718,58.05211935781334,1.0424571880069762,1.9280263963294149,1.1009679705624733,17.336184974039472,0.19654072271384265,3.059,0,0,0.0,1.0,232.0047520509651,25.098751551000106,0,535.049984827674,2,0.04625,3,0.1129843544149573
35,main,U,"[0.18, 0, 0]",0.625,decomposed-arc,0.002,{},7.999999999999341,True,,0.9123852587675421,0.01909586725063438,0.00403409484746499,1.4061930249638928,0.11404815734595215,0.002386983406329494,0.0030678372755250957,0.08063497934497371,0.04761396939252543,0.01909586725063438,0.000153890757010509,-6.472375496707761e-05,0.00598863032935773,0.004373445413172277,0.18705178575998427,0.3192415764239278,0.7698719922016364,0.887591962512377,0.999803030280312,38.935042506479,59.67850678635319,1.0452147840417367,2.5,1.3264148219056628,15.60864916991103,0.21913850382515085,3.08125,0,0,0.0,1.0,345.88980335937674,37.56172791124786,0,705.6878508289216,2,0.046,3,0.11419135729072827
36,main,B,"[0.18, 0, 0]",0.625,decomposed-arc,0.002,{},7.999999999999341,True,,0.9123852587675421,0.01909586725063438,0.00403409484746499,1.4061930249638928,0.11404815734595215,0.002386983406329494,0.0030678372755250957,0.08063497934497371,0.04761396939252543,0.01909586725063438,0.000153890757010509,-6.472375496707761e-05,0.00598863032935773,0.004373445413172277,0.18705178575998427,0.3192415764239278,0.7698719922016364,0.887591962512377,0.999803030280312,38.935042506479,59.67850678635319,1.0452147840417367,2.5,1.3264148219056628,15.60864916991103,0.21913850382515085,3.08125,0,0,0.0,1.0,345.88980335937674,37.56172791124786,0,705.6878508289216,2,0.046,3,0.11419135729072827
37,main,G,"[0.18, 0, 0]",0.625,decomposed-arc,0.002,{},7.999999999999341,True,,0.9123852587675421,0.01909586725063438,0.00403409484746499,1.4061930249638928,0.11404815734595215,0.002386983406329494,0.0030678372755250957,0.08063497934497371,0.04761396939252543,0.01909586725063438,0.000153890757010509,-6.472375496707761e-05,0.00598863032935773,0.004373445413172277,0.18705178575998427,0.3192415764239278,0.7698719922016364,0.887591962512377,0.999803030280312,38.935042506479,59.67850678635319,1.0452147840417367,2.5,1.3264148219056628,15.60864916991103,0.21913850382515085,3.08125,0,0,0.0,1.0,345.88980335937674,37.56172791124786,0,705.6878508289216,2,0.046,3,0.11419135729072827
38,main,N,"[0.18, 0, 0]",0.625,decomposed-arc,0.002,{},7.999999999999341,True,,0.757424569176677,-0.01729923281807657,0.005313884459670691,-1.4288942079362719,0.09467807114709242,-0.0021624041022597494,-0.003117363573895811,0.09724097821411766,0.033741794908118745,0.01729923281807657,1.888032843851569e-05,-0.0016312583825887905,0.005830447762431773,0.004688810910516171,0.26437342003581626,0.3161518006973505,0.42083258815955854,0.5038160686425546,0.9999485469163478,37.37138157379523,57.24601700750719,1.2084391078220171,2.2173201113659884,1.3727357068444168,16.94495918293796,0.2001535225455352,3.0385,0,0,0.0,1.0,0.0,0.0,0,619.3671504128687,2,0.04625,3,0.09423461415811636
39,main,S,"[0.18, 0, 0]",0.625,decomposed-arc,0.002,{},0.5800000000000004,False,ik-target-rejected,0.07619659024718267,0.020799222977290758,0.007964912084353645,-0.8269781033437623,0.1313734314606597,0.03586072927119094,-0.024885328871114776,0.10478090191444453,0.1352110147304978,0.020799222977290758,1.78575791430152e-05,-6.40631993678864e-05,0.009425349852155013,0.0064685400580396304,0.42102384242477675,0.6518471178035067,0.8049989578246259,0.9833116362877441,0.9998634962230111,3.5196399772727127,9.60362617481794,1.0916801837042052,2.5,1.2077644748628036,15.217428228425847,0.04543016847401169,4.26551724137931,0,1,0.0,0.40960000000000013,195.95839829788045,28.450359103458155,0,523.5340109095588,2,0.006896551724137931,3,0.1237673057142854
40,main,D,"[0.18, 0, 0]",0.625,decomposed-arc,0.002,{},1.260000000000001,False,ik-target-rejected,0.1412064805743106,0.014430824223521238,0.009471337854209625,0.2827245210128357,0.1120686353764369,0.011453035098032721,0.003916249022061803,0.10387909360305794,0.03612994928775951,0.014430824223521238,0.0005432376746259031,-6.472375496707761e-05,0.009808781268588584,0.005365513491111547,0.342488005875862,0.581319675421082,0.7698719922016364,1.0490378221409915,0.9998360850905353,5.197153864442892,14.540299420856112,0.8970012331260909,2.5,1.1929009900876237,14.313352990751502,0.06215131897233672,4.693650793650794,0,1,0.0,0.40960000000000013,82.80853400776458,57.6,0,587.8702944036532,3,0.0,3,0.10987678227116063
41,main,P,"[0.18, 0, 0]",0.625,decomposed-arc,0.002,{},7.999999999999341,True,,0.9088896098414043,-0.0151038933604149,0.0040223725651941135,-1.435890796659581,0.1136112012301849,-0.001887986670052018,-0.0031326277625995185,0.07947817035820513,0.05943876678479964,0.0151038933604149,1.6018479315637566e-05,-0.0014428147459402407,0.005429612634496123,0.004363298617914337,0.1859530361745366,0.30640314134748464,0.9117777976155236,0.6048888818869677,0.9998525405603588,38.36303256896817,57.19838728675807,1.03390368749678,3.0,2.3241044720056996,17.146437530765315,0.19860072285021835,2.99625,0,0,0.0,1.0,231.56280782296932,25.03035183848692,0,498.7013893787278,2,0.047,3,0.11316306151263489
42,main,U,"[0.18, 0, 0]",0.75,decomposed-arc,0.002,{},7.999999999999341,True,,0.9098018943454248,0.004865385612428064,0.0031412458790285856,0.1715811354866873,0.11372523679318747,0.0006081732015535581,0.0003743319685691779,0.07993428998157438,0.04448313984769911,0.004865385612428064,2.3227695840701614e-05,-0.00018656930929802917,0.005707076819587903,0.004333381236592297,0.1478560604155325,0.3089149812374847,0.6114427664413706,0.7158982710958067,0.9998824026397073,38.885094688352005,59.4206978313536,1.047052275553227,3.0,2.382251060520454,18.428563110716212,0.21818471967305622,3.08175,0,0,0.0,1.0,337.7940585472647,36.45388192567759,0,648.7469754795057,2,0.03325,3,0.11370350409783246
43,main,B,"[0.18, 0, 0]",0.75,decomposed-arc,0.002,{},7.999999999999341,True,,0.9098018943454248,0.004865385612428064,0.0031412458790285856,0.1715811354866873,0.11372523679318747,0.0006081732015535581,0.0003743319685691779,0.07993428998157438,0.04448313984769911,0.004865385612428064,2.3227695840701614e-05,-0.00018656930929802917,0.005707076819587903,0.004333381236592297,0.1478560604155325,0.3089149812374847,0.6114427664413706,0.7158982710958067,0.9998824026397073,38.885094688352005,59.4206978313536,1.047052275553227,3.0,2.382251060520454,18.428563110716212,0.21818471967305622,3.08175,0,0,0.0,1.0,337.7940585472647,36.45388192567759,0,648.7469754795057,2,0.03325,3,0.11370350409783246
44,main,G,"[0.18, 0, 0]",0.75,decomposed-arc,0.002,{},7.999999999999341,True,,0.9098018943454248,0.004865385612428064,0.0031412458790285856,0.1715811354866873,0.11372523679318747,0.0006081732015535581,0.0003743319685691779,0.07993428998157438,0.04448313984769911,0.004865385612428064,2.3227695840701614e-05,-0.00018656930929802917,0.005707076819587903,0.004333381236592297,0.1478560604155325,0.3089149812374847,0.6114427664413706,0.7158982710958067,0.9998824026397073,38.885094688352005,59.4206978313536,1.047052275553227,3.0,2.382251060520454,18.428563110716212,0.21818471967305622,3.08175,0,0,0.0,1.0,337.7940585472647,36.45388192567759,0,648.7469754795057,2,0.03325,3,0.11370350409783246
45,main,N,"[0.18, 0, 0]",0.75,decomposed-arc,0.002,{},7.999999999999341,True,,0.749514473198426,-0.011296354000338802,0.0033230453982808074,-1.583337968886729,0.09368930914981097,-0.0014120442500424664,-0.003454307591114404,0.09803311638481385,0.03493003452642284,0.011296354000338802,6.958765438723004e-05,-0.0014832325385495115,0.005821393422539595,0.004689141411349529,0.2629134408924823,0.3084060268147383,0.4180211129907868,0.48918564662774383,0.99995118346374,37.365827824211806,56.98413656239862,1.2211907774930275,2.5846294738469258,1.592196652294707,14.45683982029926,0.20155814118815896,3.02825,0,0,0.0,1.0,0.0,0.0,0,571.6705498207062,2,0.0495,3,0.09328839656069
46,main,S,"[0.18, 0, 0]",0.75,decomposed-arc,0.002,{},0.5800000000000004,False,ik-target-rejected,0.07136741162863787,0.017431450164563624,0.010340805641563934,2.2611053177559284,0.1230472614286859,0.0300542244216614,0.06804091815378194,0.12815544423958575,0.19189944821541668,0.017431450164563624,0.0012829594993313436,-0.00017893276937180902,0.01037511108460712,0.006639298224828067,0.3825012834197491,0.6571154433533419,0.6687505204737201,1.026835858178617,0.999774838388378,3.8121263847458318,9.517264322323678,1.2712260337442922,4.1,1.7971530880252977,14.350626890324829,0.046356944108498305,3.7586206896551726,0,1,0.0,0.40960000000000013,219.67482470286717,28.294579822747945,0,655.898476621094,2,0.07931034482758621,3,0.12381153583542429
47,main,D,"[0.18, 0, 0]",0.75,decomposed-arc,0.002,{},1.260000000000001,False,ik-target-rejected,0.14186565591887723,0.017376061553770087,0.00964548210158777,-0.3747461831168764,0.11259179041180725,0.013790525042674662,-0.005190916471961171,0.10318011877763829,0.03541429195806138,0.017376061553770087,0.0009635874998921703,-0.00018656930929802917,0.01024865215076054,0.005467914822555754,0.23320138117908845,0.5784905295116666,0.6114427664413706,1.0875335118312521,0.9998264898853251,5.325591549130296,14.235304843076696,0.9128415374187874,2.5,1.1837612007664216,14.51685201775903,0.06408696683215145,4.623809523809523,0,1,0.0,0.40960000000000013,82.7407506699096,57.6,0,648.7469754795057,3,0.0,3,0.10938188765042259
48,main,P,"[0.18, 0, 0]",0.75,decomposed-arc,0.002,{},7.999999999999341,True,,0.9060968972367521,-0.013393903445528882,0.003133207980113314,-1.7380850477400536,0.11326211215460334,-0.001674237930691248,-0.0037919133453436574,0.08019835733194965,0.056597151977835734,0.013393903445528882,2.419612350500894e-05,-0.001269600524763742,0.005317235575526075,0.004353539789577211,0.19117168578816723,0.30373829223914534,0.9772666300698771,0.5810584709871922,0.999837844896512,38.50101743771028,57.6224242660476,1.0408505381465851,2.150958762866706,1.3252558735001019,12.621511018582815,0.2006280121481938,3.018,0,0,0.0,1.0,231.45261847784164,24.977782207497107,0,488.7122415150259,2,0.03125,3,0.11283420410134214
49,main,U,"[0.18, 0, 0]",0.875,decomposed-arc,0.002,{},7.999999999999341,True,,0.9052524296535707,-0.005267336450038648,0.003786048236938365,0.5602970507825371,0.11315655370670566,-0.0006584170562548852,0.0012223785406712435,0.07954309268138714,0.043941731973740315,0.005267336450038648,1.666331172662703e-05,0.0,0.005630175786035779,0.004341224785701278,0.13803984342840586,0.30187937833048534,0.4933498960992605,0.6346674848009227,0.9999029178094295,38.80680165077825,59.8649740785402,1.0501928348193694,2.8697785349251292,1.764739058677895,14.319860269186316,0.22523798115437518,3.0825,0,0,0.0,1.0,323.68879962711077,34.80116992322113,0,610.7704600581627,2,0.024,3,0.11314336641123776
50,main,B,"[0.18, 0, 0]",0.875,decomposed-arc,0.002,{},7.999999999999341,True,,0.9052524296535707,-0.005267336450038648,0.003786048236938365,0.5602970507825371,0.11315655370670566,-0.0006584170562548852,0.0012223785406712435,0.07954309268138714,0.043941731973740315,0.005267336450038648,1.666331172662703e-05,0.0,0.005630175786035779,0.004341224785701278,0.13803984342840586,0.30187937833048534,0.4933498960992605,0.6346674848009227,0.9999029178094295,38.80680165077825,59.8649740785402,1.0501928348193694,2.8697785349251292,1.764739058677895,14.319860269186316,0.22523798115437518,3.0825,0,0,0.0,1.0,323.68879962711077,34.80116992322113,0,610.7704600581627,2,0.024,3,0.11314336641123776
51,main,G,"[0.18, 0, 0]",0.875,decomposed-arc,0.002,{},7.999999999999341,True,,0.9052524296535707,-0.005267336450038648,0.003786048236938365,0.5602970507825371,0.11315655370670566,-0.0006584170562548852,0.0012223785406712435,0.07954309268138714,0.043941731973740315,0.005267336450038648,1.666331172662703e-05,0.0,0.005630175786035779,0.004341224785701278,0.13803984342840586,0.30187937833048534,0.4933498960992605,0.6346674848009227,0.9999029178094295,38.80680165077825,59.8649740785402,1.0501928348193694,2.8697785349251292,1.764739058677895,14.319860269186316,0.22523798115437518,3.0825,0,0,0.0,1.0,323.68879962711077,34.80116992322113,0,610.7704600581627,2,0.024,3,0.11314336641123776
52,main,N,"[0.18, 0, 0]",0.875,decomposed-arc,0.002,{},7.999999999999341,True,,0.7390326529328107,-0.008095435714454964,0.0034913264286750368,-2.0593267563816964,0.09237908161660895,-0.0010119294643069537,-0.004492754034159839,0.09913936234436761,0.036626863398103456,0.008095435714454964,0.0006507108760940602,-0.00026017512103637674,0.005806092450998612,0.004638805190160425,0.2614692921836409,0.30276837031713877,0.4144985095395851,0.48052742439260915,0.9999531114912983,37.19103325587681,58.23536946497342,1.2327835008833732,3.0,2.3818037927324034,11.579821135529695,0.2042343003612341,3.06875,0,0,0.0,1.0,0.0,0.0,0,592.0401551234249,2,0.03875,3,0.09182754514512291
53,main,S,"[0.18, 0, 0]",0.875,decomposed-arc,0.002,{},0.5600000000000004,False,ik-target-rejected,0.06573999609122884,-0.0020878198895749075,0.012050238870102412,2.6812368827915263,0.11739285016290855,-0.003728249802812332,0.08356502076896677,0.1353740240558938,0.1619715928134949,0.0020878198895749075,0.0017769535424518928,0.0,0.012093437222927328,0.005704604896197613,0.3449279604156496,0.6189731930330084,0.6513222354733789,1.178549714511369,0.9997439658592322,3.9303403108547452,9.991938060891929,1.4639283603689737,2.9894009180187244,1.8693806750425552,15.486644046044207,0.05534350779399691,3.907142857142857,0,1,0.0,0.40960000000000013,175.67950665280463,29.929160944646263,0,575.3016208139996,2,0.060714285714285714,3,0.1183912075589852
54,main,D,"[0.18, 0, 0]",0.875,decomposed-arc,0.002,{},1.260000000000001,False,ik-target-rejected,0.14037380118234097,0.0026483421508957296,0.009374379405800663,0.3059231164754794,0.11140777871614355,0.002101858849917244,0.00423759177814224,0.10000529922487585,0.0354154395730337,0.0026483421508957296,0.0005294429185090199,0.0,0.009691866914383201,0.005177963725690118,0.20179338027845228,0.5500963181134163,0.3789033745559082,1.0555193973710522,0.9998357867310776,5.277931445362198,15.253497605485565,0.9209555256012172,2.5,1.2697799032404702,14.319860269186316,0.07423164784963199,4.731746031746032,0,1,0.0,0.40960000000000013,82.67791719041178,57.6,0,832.613701635698,2,0.004761904761904762,3,0.10939505249491224
55,main,P,"[0.18, 0, 0]",0.875,decomposed-arc,0.002,{},7.999999999999341,True,,0.8990709786156482,-0.02015151903033803,0.0037810332376831636,-2.1255741759185787,0.11238387232696528,-0.002518939878792461,-0.004637283483143427,0.08197766179180846,0.06258317454084475,0.02015151903033803,5.471982142445427e-05,0.0,0.005426985677919827,0.004343176677013916,0.20549072249935146,0.30057782124037824,1.1789363107848843,0.6062386096946949,0.9997884272428792,38.626787165518024,58.62848800118021,1.0522617803152337,3.0,2.392007415652664,19.519465290498292,0.20898354681912273,3.04575,0,0,0.0,1.0,231.96199036932867,24.939227591041544,0,492.44721964349196,2,0.0215,3,0.11179934645853855
56,main,U,"[0.45, 0, 0]",0.0,decomposed-arc,0.002,{},7.999999999999341,True,,2.2630478236087024,-0.039844177274048646,0.004883232925159215,1.4161725556160631,0.2828809779511111,-0.004980522159256491,0.0030896092339856066,0.19817519510483952,0.1448835316619988,0.039844177274048646,0.0017262875829195147,0.0,0.012881219344167277,0.006473579325959645,0.3498194339943575,0.6019179934660162,1.4661957131546333,0.9920519698619147,0.9995871985758974,93.91201614981706,132.884914291193,1.016478930944156,3.0,2.6050254736566205,24.37114635973723,0.49071967840639924,3.14875,0,0,0.33166666666666517,0.40960000000000013,1516.7876458188612,62.74688401568272,46,3299.5159754147635,2,0.04575,3,0.28277903759661005
57,main,B,"[0.45, 0, 0]",0.0,decomposed-arc,0.002,{},7.999999999999341,True,,2.2554227755158944,0.14773383602967802,0.005042317355657801,6.828463609600999,0.28192784693951,0.018466729503711272,0.01489739660502049,0.19707510911924275,0.12967335534201274,0.14773383602967802,0.0005249499654958838,0.0,0.010952239896174026,0.00630073364422702,0.2973490336601055,0.6088871500725704,1.331048521113102,1.2281348426345668,0.9996730237099567,95.31825278158475,134.47201245757898,1.0331340926764143,3.0,2.5096908131102604,22.633470369451913,0.4963429265145703,3.146,0,0,0.33166666666666517,0.5120000000000001,536.4108000000009,57.6,0,1186.7313152428935,1,0.0415,3,0.2828556821689597
58,main,G,"[0.45, 0, 0]",0.0,decomposed-arc,0.002,{},0.6200000000000004,False,ik-target-rejected,0.1277434938751367,-0.006145140931231129,0.011989026069299968,-6.576741969481003,0.20603789334699452,-0.009911517631017943,-0.1851383893895804,0.2712658070112875,0.23020499907989087,0.006145140931231129,9.549095822357024e-07,0.0,0.012074306991629757,0.007350146790611636,0.7737501517559451,0.8785211951690948,1.3978492564717786,1.413779208518355,0.9995380459714394,4.007793689940676,10.62874337054497,0.7677200683077817,2.8668706232288805,1.8096866362502457,20.036636134852056,0.0498744673217626,4.2290322580645165,0,1,0.3118279569892473,0.40960000000000013,221.48280000000076,57.6,0,553.1963303680086,3,0.0,3,0.1796356806771086
59,main,N,"[0.45, 0, 0]",0.0,decomposed-arc,0.002,{},7.999999999999341,True,,0.9963172354502531,0.004672184353113348,0.0065149876402389425,-2.299040206369965,0.12453965443129189,0.0005840230441392166,-0.005015727654611137,0.3307865516595083,0.0818160315558493,0.004672184353113348,9.549095822357024e-07,0.0,0.009626878308422848,0.007353544187284515,0.43943780659794063,0.6329837552663894,0.7200377049252199,0.8936382285428991,0.9998222297219257,54.89364405943076,83.70423498868931,1.3497641663445215,3.7208140069844085,2.548541409032493,20.132897146500998,0.2770671839816351,2.874,0,0,0.98,0.40960000000000013,0.0,0.0,0,1763.1516853162723,2,0.223,3,0.12365425030739907
60,main,S,"[0.45, 0, 0]",0.0,decomposed-arc,0.002,{},0.3000000000000002,False,ik-target-rejected,0.04787701885590779,-0.015487602730594486,0.00707647522985348,2.685095817514221,0.15959006285302585,-0.051625342435314914,0.1562125424905065,0.3160236333790979,0.20193365540263208,0.015487602730594486,9.549095822357024e-07,0.0,0.0071168647478140334,0.0032101654193435218,0.5530054573987988,0.4000658669027974,0.8036813611748883,0.7996608958364704,0.9998241730785131,1.9140631928343361,4.809221667358534,0.9318719934339443,2.5,1.175988509155981,12.622215932765071,0.01812150667211384,4.04,0,1,0.4666666666666667,0.40960000000000013,175.2991846826303,30.625865234054224,0,499.960142053159,2,0.06666666666666667,3,0.16519472940328708
61,main,D,"[0.45, 0, 0]",0.0,decomposed-arc,0.002,{},0.6000000000000004,False,ik-target-rejected,0.12225039302191235,-0.007138466070212362,0.01184328904236832,-6.220029868606832,0.20375065503652043,-0.011897443450353928,-0.18093333463263236,0.2733070905220002,0.22722407292869717,0.007138466070212362,9.549095822357024e-07,0.0,0.011925706544873016,0.00714049216586548,0.7696023161945775,0.8533613322403851,1.3978492564717786,1.364305676020498,0.9995380459714394,3.9165655399036075,10.426977126133698,0.7835275102621918,2.8668706232288805,1.8096866362502457,20.036636134852056,0.04870468135349527,4.243333333333333,0,1,0.31111111111111106,0.40960000000000013,203.02614592719763,57.6,0,553.1963303680086,2,0.0033333333333333335,3,0.17792849996018248
62,main,P,"[0.45, 0, 0]",0.0,decomposed-arc,0.002,{},7.999999999999341,True,,2.2622217040631885,0.18112719700401833,0.00503986448602083,7.467813151643539,0.28277771300792187,0.022640899625504158,0.016292240927490636,0.19470627952195602,0.1337739020337917,0.18112719700401833,9.549095822357024e-07,0.0,0.00887492971488979,0.006249063713496745,0.2863210971647034,0.5947379120174108,0.6725413926209205,1.1324612081702023,0.9997552881087146,94.49387230696763,131.49925432080585,1.0200445429576301,3.0,2.547092747470225,24.1522941631155,0.4849133903848914,3.1075,0,0,0.33166666666666517,0.5120000000000001,536.4108000000009,57.6,0,772.7984216804117,2,0.04275,3,0.2838134880796413
63,main,U,"[0.45, 0, 0]",0.125,decomposed-arc,0.002,{},7.999999999999341,True,,2.2632093840818603,0.22277620445589208,0.006161761440617258,9.13547514226144,0.28290117301025586,0.027847025556988803,0.019930514995821578,0.1957753094946011,0.14242589624293223,0.22277620445589208,0.0010431910970437697,-0.0004460213133546387,0.009636124975875293,0.00629583216770946,0.3220445229288262,0.5847497616089831,0.9222417362076184,1.0170863508510462,0.999785589327964,94.14309057193836,132.92974389755125,1.0141638141014226,3.0,3.2755444219398426,25.58057706192775,0.5129120986844822,3.10125,0,0,0.32916666666666505,0.5120000000000001,1457.8369411024057,71.12589193432686,62,2572.057037638908,2,0.073,3,0.2843096911538051
64,main,B,"[0.45, 0, 0]",0.125,decomposed-arc,0.002,{},7.999999999999341,True,,2.2627431153529334,0.2461663999946641,0.006303545984966947,10.543643060096093,0.28284288941914,0.03077079999933555,0.023002660819217792,0.19442106484759605,0.14070438075727018,0.2461663999946641,2.4146960518137204e-05,-0.0004460213133546387,0.009086938338573242,0.006241825700650347,0.3012430750850913,0.58948156484056,1.0845255428690728,1.1384362426898733,0.9997814521283994,94.68045604267299,132.48504375354176,1.0190802407996649,3.0,1.8780846659608272,19.868181450314186,0.5040136936576816,3.098,0,0,0.32916666666666505,0.8,535.7427609375005,57.6,0,1191.8474405618567,2,0.0735,3,0.28447839604340747
65,main,G,"[0.45, 0, 0]",0.125,decomposed-arc,0.002,{},0.6200000000000004,False,ik-target-rejected,0.12225004165642604,-0.0007089238017308246,0.010988282805336693,-3.4299745926289518,0.19717748654262252,-0.0011434254866626195,-0.0965554030663329,0.2779190483819248,0.1902554952809745,0.0007089238017308246,9.549095822357024e-07,-0.0004460213133546387,0.011066590375988783,0.006082868035190614,0.5075319970191143,0.7182289928431718,0.7405118625815117,1.2132249818959535,0.9997593579363493,4.891400487730551,12.166721508009488,0.9802010321894017,3.0,1.9370764564739098,19.165356492286694,0.059769833219663615,4.338709677419355,0,1,0.2795698924731182,0.40960000000000013,535.7427609375005,57.6,0,633.151065652163,2,0.02903225806451613,3,0.18089487555728648
66,main,N,"[0.45, 0, 0]",0.125,decomposed-arc,0.002,{},7.999999999999341,True,,1.006838026028824,0.005511535462330037,0.0077659638478258545,-2.4066040619189843,0.1258547532536134,0.0006889419327913113,-0.005250395584044903,0.33020940648125396,0.08495718735160876,0.005511535462330037,0.0011905415559660892,-0.0005549325309311681,0.014062033649371974,0.007425814671304416,0.4409211581621416,0.6373493841574751,0.9364737850027651,1.257425163637919,0.9996747075279447,56.65754803303397,88.93814416928396,1.3785734498492863,3.7258986314593505,3.0377827787840053,18.053776323325526,0.2846816987607095,2.891,0,0,0.98,0.40960000000000013,0.0,0.0,0,1632.2283735716624,2,0.186,3,0.12498285504307467
67,main,S,"[0.45, 0, 0]",0.125,decomposed-arc,0.002,{},0.3000000000000002,False,ik-target-rejected,0.049511933522049065,-0.019313262267208343,0.008419127129896892,2.785467637946594,0.1650397784068301,-0.06437754089069443,0.16205193829972456,0.313728913486414,0.2042663333323843,0.019313262267208343,9.549095822357024e-07,-0.0003834443057177117,0.008463002884942894,0.0038533884353855797,0.6366415558845397,0.5461149362848354,0.932984285618362,1.1741755293810547,0.9997267590787035,2.288410074906154,5.441433023444551,1.054888147418271,2.4902501453881642,1.2298891460398163,12.226612658297894,0.02022422079031643,3.8533333333333335,0,1,0.4666666666666667,0.40960000000000013,175.2991846826303,32.963922291378964,0,556.0816823182023,2,0.006666666666666667,3,0.16679486572469085
68,main,D,"[0.45, 0, 0]",0.125,decomposed-arc,0.002,{},0.5800000000000004,False,ik-target-rejected,0.11842419602448628,-0.005196586589661389,0.008467422811916103,-1.7683829893759777,0.20417964831807967,-0.00895963205114032,-0.05321397517391499,0.27091680102936594,0.13712100221738452,0.005196586589661389,9.549095822357024e-07,-0.0004460213133546387,0.008713344545443341,0.005659017707261117,0.49968896021182496,0.6597295570854864,0.7405118625815117,1.0828050226724353,0.9998243513280256,4.222309906590439,10.687781977932856,0.8726300928378836,2.5,1.319045301675326,19.165356492286694,0.05564623684464713,4.548275862068966,0,1,0.2758620689655171,0.40960000000000013,201.6998939356867,57.6,0,509.28597040580996,3,0.0,3,0.19270911854799827
69,main,P,"[0.45, 0, 0]",0.125,decomposed-arc,0.002,{},7.999999999999341,True,,2.2831446114478235,0.17486064517283134,0.00625294395575329,8.153844213587476,0.2853930764310015,0.02185758064660572,0.017788928527725116,0.19158642653686178,0.13218665685511544,0.17486064517283134,9.549095822357024e-07,-0.000654570661985765,0.008515731184506575,0.006228734768151622,0.2875743786421474,0.582364094991129,0.643090305591345,1.0953838860553433,0.9997732594585675,93.9053110974897,129.88028232316628,1.004673609674635,2.638528594859646,1.6213038240491333,19.96988926830036,0.48955411216214717,3.05075,0,0,0.32916666666666505,0.8,535.7427609374998,57.6,0,1191.8474405618554,1,0.06925,3,0.28664620372062133
70,main,U,"[0.45, 0, 0]",0.25,decomposed-arc,0.002,{},7.999999999999341,True,,2.3013008547838996,-0.14240370202208766,0.0036903368658714924,-0.5658502042577587,0.28766260684801115,-0.017800462752762425,-0.0012344936421726422,0.1938063159928395,0.13072263188836142,0.14240370202208766,0.000540754288972224,-0.0006602029417673017,0.011701412615551604,0.0065731520500357556,0.3631587135862032,0.6023434258628168,1.2358982941782732,1.377070970782523,0.9996257248886345,93.9843328955284,132.7439123852891,0.9985973894565779,3.3765860398786147,2.443587714837362,25.19383610045712,0.51642961565839,3.0635,0,0,0.326666666666665,0.8,844.485215520903,91.13471227698332,62,1291.8548079977988,2,0.09,3,0.28754576255221315
71,main,B,"[0.45, 0, 0]",0.25,decomposed-arc,0.002,{},7.999999999999341,True,,2.2562781278603734,0.2894206482738945,0.003916374122039583,11.909381611193128,0.28203476598256993,0.0361775810342398,0.025982240123975545,0.19429091509430604,0.13642225653483667,0.2894206482738945,9.549095822357024e-07,-0.0006602029417673017,0.007942666179010766,0.006215193037775505,0.297808443684857,0.5725644302869072,0.7561825054545392,1.1102084687888765,0.9997772119321994,93.86149596850879,132.61334510983625,1.0108557975524397,3.3765860398786147,3.061683296499722,20.795825178793017,0.5102144838992683,3.04075,0,0,0.326666666666665,1.0,533.7411750000023,57.6,0,1291.8548079977988,2,0.09675,3,0.2841405254519342
72,main,G,"[0.45, 0, 0]",0.25,decomposed-arc,0.002,{},0.6200000000000004,False,ik-target-rejected,0.13793318482443404,-0.002520296571453859,0.009922665266648336,-4.681158933146285,0.222472878749087,-0.004064994470086867,-0.13177683256862535,0.29048056047157184,0.23392332565340562,0.002520296571453859,9.549095822357024e-07,-0.0006602029417673017,0.010589860595810074,0.007317027569102447,0.766819879732717,0.7346100384812558,1.236059606164547,1.1523493892447652,0.9996914328892912,5.561727448734391,11.597723589525698,0.9876582697809422,3.3765860398786147,1.8355564749933986,22.543071111494722,0.05601288744694859,3.661290322580645,0,1,0.24731182795698914,0.40960000000000013,533.7411749999991,57.6,0,1291.8548079977988,2,0.016129032258064516,3,0.20428456193203084
73,main,N,"[0.45, 0, 0]",0.25,decomposed-arc,0.002,{},7.999999999999341,True,,1.0122485592981134,-0.008342126949912534,0.005382203312662639,-2.5314792065575906,0.1265310699122746,-0.0010427658687391526,-0.005522830887525904,0.3296414310292328,0.08999033101771901,0.008342126949912534,0.0007742173736372915,-0.0005293318028357363,0.012740976550369626,0.007376273752072329,0.43824855074232216,0.6216908719238594,0.7302023095885752,1.264576399301798,0.9997325744183024,57.55994369916324,89.32331753227567,1.3930178982267947,4.1,1.9911268406166234,19.06728822009522,0.28810449044761305,2.89725,0,0,0.98,0.40960000000000013,0.0,0.0,0,1562.422807131513,2,0.18175,3,0.12585748465618687
74,main,S,"[0.45, 0, 0]",0.25,decomposed-arc,0.002,{},0.3000000000000002,False,ik-target-rejected,0.045566445548826794,-0.016886817073697373,0.007795673372478539,3.173327266740711,0.15188815182942253,-0.05628939024565787,0.18461669682645904,0.32194902329452135,0.22709231207770614,0.016886817073697373,1.929443990463287e-06,-0.0006454947272251932,0.007835485476283904,0.004221160113161936,0.5203822244653709,0.7188576436786255,0.8185822157878331,1.4210115016835572,0.9995952983809934,2.787548930183206,6.609201868516495,1.4053029016669172,3.41327418223488,1.8340558896181338,11.864240541672658,0.023209034506275754,3.84,0,1,0.4666666666666667,0.40960000000000013,175.2991846826303,32.963922291378964,0,1301.5996828554812,3,0.0,3,0.15294670384323344
75,main,D,"[0.45, 0, 0]",0.25,decomposed-arc,0.002,{},0.5800000000000004,False,ik-target-rejected,0.1388249756921706,-0.009725863568305815,0.0077848689769343705,-4.630342954241181,0.2393534063658112,-0.01676873029018243,-0.13933574146212016,0.26971037349130267,0.2403253778715224,0.009725863568305815,9.549095822357024e-07,-0.0006602029417673017,0.010567931527085683,0.007025214582896447,0.7070800568961148,0.6373082413130676,1.236059606164547,0.9888307414466987,0.9996942548174024,4.499087753960313,10.299072867497928,0.7920122823020065,3.3765860398786147,1.8355564749933986,16.23639292700593,0.05323206801669735,3.906896551724138,0,1,0.24137931034482749,0.40960000000000013,198.91321108752072,57.6,0,1291.8548079977988,3,0.0,3,0.2204973245549314
76,main,P,"[0.45, 0, 0]",0.25,decomposed-arc,0.002,{},7.999999999999341,True,,2.2641609472390356,0.26433469229935513,0.0039056579172016474,10.868806468331496,0.28302011840490277,0.03304183653742211,0.02371205732930713,0.19305193750642863,0.13255974226787795,0.26433469229935513,9.549095822357024e-07,-0.0007369786416837887,0.008492088247205182,0.006221680791385361,0.29211361824861987,0.5696283553096536,0.7604898619924096,1.0491780332819316,0.9997595910895705,93.41512387609598,131.45032374626965,1.0039415668374503,3.0,3.067606733418186,23.77049039310979,0.4988673360544026,3.02475,0,0,0.326666666666665,1.0,533.7411750000023,57.6,0,736.0517879143983,1,0.0955,3,0.2849720414202192
77,main,U,"[0.45, 0, 0]",0.375,decomposed-arc,0.002,{},7.999999999999341,True,,2.297225680309401,0.12909400743521998,0.00536672718090632,6.731952764466849,0.28715321003869876,0.016136750929403827,0.014686842603586313,0.19154015050926296,0.11528300331561836,0.12909400743521998,4.821745810055246e-05,-0.00043576917788740177,0.009064879902340617,0.006299797670096601,0.3038243494079332,0.574462426102273,0.8362181218597143,1.2907132295903874,0.9997113329651857,94.02043893679824,132.17888410654695,1.0010878805278725,2.5,1.5235462398334338,26.463701015639682,0.522581491882004,3.049,0,0,0.326666666666665,1.0,809.222065332911,87.00293193250121,63,981.3987082013767,2,0.107,3,0.2882405002164988
78,main,B,"[0.45, 0, 0]",0.375,decomposed-arc,0.002,{},7.999999999999341,True,,2.241040502469306,0.3238931634346665,0.005539072176706292,13.106688181661625,0.28013006280868635,0.04048664542933665,0.028594357850280357,0.1955456404995913,0.14117865699907156,0.3238931634346665,5.1011399312287036e-05,-0.00043576917788740177,0.007836338475922827,0.006219306664342349,0.310497790900526,0.5587620542271869,1.01506060797316,1.1007349668873403,0.9997571233345144,93.56694963432814,131.3354670473248,1.012329499525213,3.0,2.5045730090309615,19.410588821824383,0.5081873912213927,3.015,0,0,0.326666666666665,1.0,535.7427609375015,57.6,0,754.7068279175733,2,0.1165,3,0.2822134150493968
79,main,G,"[0.45, 0, 0]",0.375,decomposed-arc,0.002,{},0.6000000000000004,False,ik-target-rejected,0.12105414542904902,0.011845855997422113,0.009680408336799834,0.7755657406910704,0.2017569090484149,0.01974309332903684,0.022560292901212885,0.28785555116885275,0.09603013912504782,0.011845855997422113,4.821745810055246e-05,-0.00043576917788740177,0.009749929208080266,0.004998906081229284,0.32073406110181385,0.6869061969828084,0.8000559818836023,1.403011125590613,0.9996282122551504,5.6325979741172985,11.796923527304633,1.1344827076478596,2.5,1.3353666924398286,16.343971842995586,0.06204506254211899,3.9466666666666668,0,1,0.24444444444444435,0.40960000000000013,439.19873066714297,57.6,0,734.9866634007327,2,0.05333333333333334,3,0.19862330737948963
80,main,N,"[0.45, 0, 0]",0.375,decomposed-arc,0.002,{},7.999999999999341,True,,1.0359053700843066,-0.001984244799611547,0.005832030155709446,-0.9648591935826091,0.12948817126054898,-0.00024803059995146383,-0.0021049962182694074,0.3262711964195158,0.09033374914165324,0.001984244799611547,0.001068771063159328,-0.00026297405577208055,0.011803382790695982,0.007393478816029431,0.4438821250466483,0.6170683574369427,0.7158560028737575,0.9685886480209415,0.9998096601987911,57.21213883348862,88.3157028424552,1.3530241662513043,3.8103281627084717,2.23847673747249,22.049809386699305,0.2956572772932038,2.87725,0,0,0.98,0.40960000000000013,0.0,0.0,0,1713.3148477778648,2,0.202,3,0.12910133842811575
81,main,S,"[0.45, 0, 0]",0.375,decomposed-arc,0.002,{},0.32000000000000023,False,ik-target-rejected,0.04058737264817048,-0.019586960319803743,0.011347865230160726,4.705568319523771,0.12683553952553267,-0.06120925099938666,0.25664893860383226,0.3468292061295403,0.3617484492821049,0.019586960319803743,0.00011917134230703289,-0.0004156405351653236,0.011386230859685514,0.004250549266356707,0.6424082998888211,0.833902267519752,1.122100260531726,1.4157949406139765,0.9995694720007539,3.3692049207337065,7.812220865703305,1.831523283203789,2.691991464473841,1.6531264687201408,15.122763230970937,0.032548549622753366,3.70625,0,1,0.5,0.40960000000000013,179.30196449173295,36.54996158121362,0,695.5829929503494,2,0.10625,3,0.1348008725609636
82,main,D,"[0.45, 0, 0]",0.375,decomposed-arc,0.002,{},0.5800000000000004,False,ik-target-rejected,0.125638331699831,-0.003824557301468032,0.007097227137813106,1.9455883751141005,0.21661781327557053,-0.006594064312875913,0.0585464190245992,0.26781396584026956,0.07248328060325743,0.003824557301468032,4.821745810055246e-05,-0.00043576917788740177,0.007179685888821091,0.0043955626335920196,0.18251594532923682,0.5236123891484716,0.30842818345952194,0.8790815604844412,0.9998826022392313,4.422532229415111,10.886411088633299,0.8619577306554783,2.5,1.2339262882159703,15.364313469746007,0.059046932370440924,4.568965517241379,0,1,0.24137931034482749,0.40960000000000013,196.33002493663838,57.6,0,693.1795841534793,2,0.0034482758620689655,3,0.21766810429357242
83,main,P,"[0.45, 0, 0]",0.375,decomposed-arc,0.002,{},7.999999999999341,True,,2.2441928283248456,0.304286000949891,0.0055227622682934175,12.484314574578535,0.2805241035406288,0.03803575011873951,0.02723654927264107,0.19544660812327425,0.1385785457072207,0.304286000949891,5.136695381380649e-05,-0.00048502116818968655,0.007818828526107935,0.00621831929323597,0.31007223348558655,0.5582001522307661,1.0322819076104082,1.0931218834121856,0.9997537099732867,93.39959275242033,131.00017078341506,1.0103393016507491,3.0,2.504493804860414,19.77244867027537,0.5065559438373854,3.00875,0,0,0.326666666666665,1.0,535.7427609375015,57.6,0,754.7068279175704,1,0.11675,3,0.2825181081649328
84,main,U,"[0.45, 0, 0]",0.5,decomposed-arc,0.002,{},7.999999999999341,True,,2.236371159971054,0.18588325865708424,0.006282974605486409,7.235092397247924,0.27954639499640477,0.023235407332137446,0.015784523002249525,0.20136409493914673,0.13475983658299345,0.18588325865708424,9.549095822357024e-07,0.0,0.008792841001577456,0.006299693569066969,0.333401554524833,0.5901286770348636,1.1324673702845867,1.0182772431887566,0.9996826103214507,93.45971596331317,132.6658013857087,1.0202903761087303,3.0,2.6420572191628735,24.60284997725514,0.5053308549718947,3.143,0,0,0.33166666666666517,0.40960000000000013,1516.787521612985,62.746878877500336,46,3240.3512923432045,2,0.04675,3,0.28056014851736044
85,main,B,"[0.45, 0, 0]",0.5,decomposed-arc,0.002,{},7.999999999999341,True,,2.2655191415227733,-0.032204379562618825,0.0061934038116007485,0.9817127508466766,0.28318989269037,-0.004025547445327684,0.0021417649763858337,0.1989192207728173,0.13216307666672233,0.032204379562618825,0.0020550970332201186,0.0,0.01352032531716324,0.0064953367936254015,0.315536504150252,0.6090321811325886,1.4322658932555359,1.3572565883533483,0.9996638599373799,94.96012856627198,134.3777350723734,1.026757621219059,3.4542714438146525,1.56834710531001,23.20214232314592,0.5060819401656858,3.16225,0,0,0.33166666666666517,0.5120000000000001,536.4108000000006,57.6,0,1405.5168009728134,2,0.0405,3,0.2830381198869239
86,main,G,"[0.45, 0, 0]",0.5,decomposed-arc,0.002,{},0.6000000000000004,False,ik-target-rejected,0.11032846181449411,0.009025723892404068,0.00903127537706412,4.053217793018958,0.1838807696908234,0.015042873154006771,0.11790332631433134,0.2880321066536872,0.16841119409116573,0.009025723892404068,9.549095822357024e-07,0.0,0.009095768273160554,0.005368799442644215,0.5083669196122622,0.8019161818056774,0.9218244728417726,1.2202049884125885,0.9996975883928392,4.015220277553151,10.673475019232999,0.8886109181379892,2.5,1.3445758804634538,17.955936143997608,0.05320963062954706,4.366666666666666,0,1,0.31111111111111106,0.40960000000000013,203.02612930190412,57.6,0,544.6608893556601,2,0.006666666666666667,3,0.18776769907166677
87,main,N,"[0.45, 0, 0]",0.5,decomposed-arc,0.002,{},7.999999999999341,True,,0.9735779908455593,0.0032282581159650634,0.008481195188272665,5.896753131466841,0.12169724885570493,0.00040353226449566616,0.012864719665173862,0.33641421844848046,0.08370182739352912,0.0032282581159650634,0.0007026010727331657,-0.0002572526770311945,0.011333197747237261,0.007807959247504118,0.4673970947244931,0.6958408328200836,0.7354883976573237,1.035187724364333,0.9997827321716769,56.7956438547437,86.57812581738217,1.4291576656510567,3.0,3.0147441305364464,19.198889276257365,0.2862699532637586,2.9295,0,0,0.98,0.40960000000000013,0.0,0.0,0,1060.3725718860658,2,0.1485,3,0.12247596938352286
88,main,S,"[0.45, 0, 0]",0.5,decomposed-arc,0.002,{},0.32000000000000023,False,ik-target-rejected,0.06327864725411442,0.015145841539232622,0.011107670210922214,-2.5575880840804546,0.19774577266910742,0.04733075481010191,-0.13949479055305458,0.2913092098138527,0.18439138436868324,0.015145841539232622,9.549095822357024e-07,0.0,0.011138284817307748,0.005657606025756026,0.6338442427909561,0.5164908137053017,0.9357660418717935,1.0445233551061723,0.9997480475938869,2.2659151917042952,5.543258264003309,0.8531547755047252,2.5,1.179672603820913,13.099452912638336,0.020932118181133202,4.16875,0,1,0.5,0.40960000000000013,179.3019791743152,34.2119073254148,0,559.5381757369694,2,0.0375,3,0.1729711756302313
89,main,D,"[0.45, 0, 0]",0.5,decomposed-arc,0.002,{},0.6000000000000004,False,ik-target-rejected,0.11034735618877575,0.009181746623938315,0.00903293801449558,4.028904875413423,0.18391226031462612,0.015302911039897182,0.11719609220936021,0.28793398375459095,0.16699622605355285,0.009181746623938315,9.549095822357024e-07,0.0,0.009097343206570518,0.005368972252270171,0.5081501673589335,0.8001569780011809,0.9218244728417726,1.2118819905282314,0.9996975883928392,4.026581262281362,10.697405635915933,0.8908704316392685,2.5,1.3445758804634538,17.955936143997608,0.052991771325581596,4.346666666666667,0,1,0.31111111111111106,0.40960000000000013,203.02612930190412,57.6,0,544.6608893556601,2,0.006666666666666667,3,0.18801584587964323
90,main,P,"[0.45, 0, 0]",0.5,decomposed-arc,0.002,{},7.999999999999341,True,,2.2677821156684432,-0.04155500414385677,0.006185847623839173,1.1011993468999601,0.2834727644585788,-0.005194375517982524,0.002402444290527137,0.19766916372421084,0.13209312586466762,0.04155500414385677,9.345732574125435e-05,-0.0002181479395475805,0.009756489912316924,0.006284206728728505,0.29309442199953784,0.5937494628736304,0.84410470302167,1.119327831088501,0.9997541873479892,93.86727481123168,131.14688696491456,1.0138605732893173,2.290582461690539,1.4150383861571956,26.999425254313255,0.4915273434286049,3.121,0,0,0.33166666666666517,0.5120000000000001,536.4108000000006,57.6,0,794.8468034370151,2,0.04425,3,0.28334504325247756
91,main,U,"[0.45, 0, 0]",0.625,decomposed-arc,0.002,{},7.999999999999341,True,,2.270364343701601,-0.06320524266192724,0.0055460440521536095,0.616289008245583,0.28379554296272347,-0.007900655332741556,0.001344534042217099,0.19687431646920148,0.13341401909743278,0.06320524266192724,9.549095822357024e-07,-9.557929652229125e-05,0.010235358650326681,0.006341983624603523,0.33041424450510276,0.5932697287058775,0.9699282196062597,1.0366436778944264,0.9997607993098578,93.91603491403117,133.33818353535423,1.0130111202701437,3.0,2.608271354476727,18.429725284878305,0.5177944789769605,3.126,0,0,0.32916666666666505,0.5120000000000001,1457.8368217238533,71.12589775864538,62,2718.6461470195864,2,0.0565,3,0.28359523006136567
92,main,B,"[0.45, 0, 0]",0.625,decomposed-arc,0.002,{},7.999999999999341,True,,2.2884250609183536,-0.05559800764930262,0.005590542262977118,0.008255882246170401,0.2860531326148178,-0.0069497509561634,1.8011540981578796e-05,0.19535217497516558,0.1338998424118393,0.05559800764930262,0.0002047950419322796,-9.557929652229125e-05,0.01129079188994922,0.006365971919121554,0.3117622118968739,0.5950549433988294,1.136711029476027,1.1450690238281143,0.9997887922411341,94.27450715448977,132.1602692239637,1.0089454598412704,3.6640209657752987,1.5421751442335498,22.794896925781746,0.5090746532713609,3.13,0,0,0.32916666666666505,0.6400000000000001,535.7427609374998,57.6,0,1281.1986097474075,2,0.05475,3,0.2857324951412359
93,main,G,"[0.45, 0, 0]",0.625,decomposed-arc,0.002,{},0.6000000000000004,False,ik-target-rejected,0.11299089836528385,0.006058922101087266,0.008794421802458752,2.920858433833821,0.18831816394213963,0.010098203501812102,0.08496432775840847,0.2894409425939283,0.15811267141913113,0.006058922101087266,9.549095822357024e-07,-9.557929652229125e-05,0.008862506968058015,0.005118199956594834,0.41074108070124143,0.753460438100111,0.6213541293003548,1.2136682707235058,0.9997664806090897,4.497116822855956,11.491053372057314,0.9736558141620566,2.5,1.310477664609083,15.986070717652597,0.057022530651291765,4.23,0,1,0.2777777777777777,0.40960000000000013,504.17301093750166,57.6,0,619.2364226029866,2,0.013333333333333334,3,0.18941347590285393
94,main,N,"[0.45, 0, 0]",0.625,decomposed-arc,0.002,{},7.999999999999341,True,,0.9913921201739622,0.0009290160908519301,0.010055751953287865,4.635085866354633,0.12392401502175548,0.00011612701135650083,0.010112188685068607,0.334668590227407,0.08724965513137765,0.0009290160908519301,0.001230506732085045,-0.0013042156076978062,0.011759268050158755,0.007718748635792476,0.4613794606846086,0.6751698430906344,0.7306931444417181,1.018661915574203,0.9997870932825448,57.900032993381714,88.47852058566075,1.4307752160924945,3.3812412820116693,1.6580101198076282,21.228352623563566,0.2957379721063672,2.9385,0,0,0.98,0.40960000000000013,0.0,0.0,0,1382.6205622194393,2,0.13775,3,0.12444676064913641
95,main,S,"[0.45, 0, 0]",0.625,decomposed-arc,0.002,{},0.32000000000000023,False,ik-target-rejected,0.06277365612543223,0.019142811630214803,0.010797773651006912,-2.712235360862533,0.19616767539197558,0.059821286344421215,-0.1479294910502116,0.2916064789843003,0.19490373000372005,0.019142811630214803,1.0180996957123095e-06,-9.443130556804902e-05,0.010825511718456304,0.005926874961278673,0.6756248534077265,0.6195287022532657,0.9243564537286763,1.2710302376212104,0.9996840451757544,2.5742006361393375,6.2637480908688,0.9609355488455711,2.489749822298407,1.223600819959783,12.969794928840422,0.022824511638997586,3.9625,0,1,0.5,0.40960000000000013,179.3019791743152,36.54996457419709,0,543.8959887481161,2,0.00625,3,0.1680382681179308
96,main,D,"[0.45, 0, 0]",0.625,decomposed-arc,0.002,{},0.6000000000000004,False,ik-target-rejected,0.11769438456097603,0.008631802281826135,0.008506840985889292,2.475226685714869,0.19615730760162658,0.014386337136376881,0.07200142566491888,0.28019947710522014,0.13660165064166618,0.008631802281826135,9.549095822357024e-07,-9.557929652229125e-05,0.008576277132754134,0.005100710541161038,0.4075406575499962,0.7309298125577958,0.6213541293003548,1.1264439891161564,0.9997999254985077,4.263742472097853,10.962362981246006,0.8851331298609202,2.5,1.310477664609083,15.986070717652597,0.056039311273960106,4.306666666666667,0,1,0.2777777777777777,0.40960000000000013,201.69987741899646,57.6,0,499.3272095023116,3,0.0,3,0.19691561229306936
97,main,P,"[0.45, 0, 0]",0.625,decomposed-arc,0.002,{},7.999999999999341,True,,2.2835975127769004,-0.007748419676133686,0.0056197308034711185,1.8432096526210346,0.2854496890971361,-0.0009685524595167905,0.004021259655347579,0.1954286552523687,0.1277875448460053,0.007748419676133686,9.549095822357024e-07,-0.0012023306898333863,0.009436688786331054,0.006305874098352556,0.300120126213485,0.5861154604342345,0.8004275704248401,1.0876609097264731,0.999772956555903,93.44062407308996,129.68484056579805,1.0024250708528963,2.5413114525794622,1.557709330504027,23.617059427047007,0.4975325480065084,3.08775,0,0,0.32916666666666505,0.6400000000000001,535.7427609374998,57.6,0,781.5835961653306,2,0.0585,3,0.2855061689621715
98,main,U,"[0.45, 0, 0]",0.75,decomposed-arc,0.002,{},7.999999999999341,True,,2.22377144019587,0.32550771247826593,0.0028931335499847314,11.637204930591766,0.2779714300245067,0.04068846405978659,0.025388442721020154,0.20485349621378998,0.13024926654842828,0.32550771247826593,0.006830224591392218,-0.0005101843970675701,0.019113977294641427,0.006644582811289427,0.3376671375901757,0.6124307607277505,1.5281596086249072,1.5260468068642532,0.999545615301611,94.31599821795841,135.24389475450698,1.0280873173386473,4.1,3.206531180272854,21.488534337349375,0.5409727672691909,3.11925,0,0,0.326666666666665,0.8,844.4851463681612,91.13470481419395,62,1274.8700679089864,2,0.07275,3,0.2800176579730329
99,main,B,"[0.45, 0, 0]",0.75,decomposed-arc,0.002,{},7.999999999999341,True,,2.283293757677316,-0.07610607604680882,0.002638320397456649,-0.5642316452295768,0.28541171970968804,-0.009513259505851886,-0.0012309624941501856,0.19543722104407088,0.1318740478780111,0.07610607604680882,2.4081200356018054e-05,-0.0005101843970675701,0.010386251146493164,0.0063372542881554314,0.31534209916180134,0.5822997660715121,0.9634911498307105,1.1137415827276196,0.9997667816662581,93.68954534020672,132.32516410369723,1.004677036063098,4.1,3.185191756850185,18.35290359520808,0.5184781955737633,3.091,0,0,0.326666666666665,1.0,533.7411750000042,57.6,0,1274.8700679089864,1,0.06575,3,0.28525111228083433
100,main,G,"[0.45, 0, 0]",0.75,decomposed-arc,0.002,{},0.6000000000000004,False,ik-target-rejected,0.11340513190862367,-0.0015653015256523737,0.010536291010811535,2.458601067050942,0.18900855318103932,-0.0026088358760872877,0.07151780602180796,0.30396028009505105,0.11728685005309186,0.0015653015256523737,0.0005582051797519855,-0.0005101843970675701,0.010609513036084789,0.005199076813176627,0.38006839900245715,0.7633336582882914,0.5637901414264788,1.404391191634853,0.9996609364044005,5.486162448810042,12.735131980352946,1.185039536571714,3.4108250810748566,1.8384695870320737,14.999662912807715,0.062218000629643305,3.993333333333333,0,1,0.24444444444444435,0.40960000000000013,533.7411750000001,57.6,0,1274.8700679089864,2,0.03333333333333333,3,0.18894504786603528
101,main,N,"[0.45, 0, 0]",0.75,decomposed-arc,0.002,{},7.999999999999341,True,,1.0233938735237045,-0.023754995816826177,0.007169603147969844,2.9795903662712777,0.1279242341904736,-0.0029693744771035167,0.0065004577815177345,0.3290378380525594,0.09030712893291043,0.023754995816826177,0.002014291327762082,-0.0012995380000370982,0.01178759340280433,0.007800810450368266,0.4588551834760388,0.6462993148941311,0.7166619942546689,0.9622479321294147,0.9998183969830736,60.88614378123137,92.27604723195442,1.4571254395429325,3.559437388046989,1.8354179893061415,16.908401418902148,0.2943075995423837,2.77525,0,0,0.98,0.40960000000000013,0.0,0.0,0,1139.5479216975345,2,0.2545,3,0.12828414317062434
102,main,S,"[0.45, 0, 0]",0.75,decomposed-arc,0.002,{},0.32000000000000023,False,ik-target-rejected,0.061353403382816904,0.01590204190589944,0.0115968356426684,-3.2228029238581497,0.1917293855713027,0.049693880955935715,-0.17577663176320243,0.29192741329859645,0.21723375545827558,0.01590204190589944,3.7465236739317196e-06,-0.000503056416603892,0.011625740498762555,0.0067372538195251365,0.65417447182986,0.8263456953924915,0.9832371967908443,1.5265687720582057,0.9995291494500615,3.149167295873823,7.387630135527862,1.217241775448279,3.404040271813085,1.839420348245102,14.624744894501434,0.026436851140452185,3.8875,0,1,0.5,0.40960000000000013,179.3019791743152,36.54996457419709,0,1284.8118482082712,3,0.0,3,0.1581084997139981
103,main,D,"[0.45, 0, 0]",0.75,decomposed-arc,0.002,{},0.6000000000000004,False,ik-target-rejected,0.12877066154473393,0.009266878626579165,0.008731910966261528,1.444516961728943,0.21461776924122308,0.015444797710965264,0.042019295138458264,0.2694969320918564,0.08609893673186998,0.009266878626579165,2.4081200356018054e-05,-0.0005101843970675701,0.009077194383982162,0.0053384258507041035,0.33634378632963896,0.6874427297791785,0.5630697686015869,1.1475113030233763,0.9998096779268858,4.769427991936653,11.513812657918347,0.9050361984599321,3.4108250810748566,1.8384695870320737,14.999662912807715,0.05880832977939609,4.246666666666667,0,1,0.24444444444444435,0.40960000000000013,198.91319479902484,57.6,0,1274.8700679089864,2,0.01,3,0.21314553457207716
104,main,P,"[0.45, 0, 0]",0.75,decomposed-arc,0.002,{},7.999999999999341,True,,2.28376051376694,-0.04402644662371966,0.002655656392490413,0.6557439223245322,0.28547006422089105,-0.0055033058279654115,0.001430611311813247,0.1950322660369033,0.12843358448199885,0.04402644662371966,2.4081200356018054e-05,-0.0010565840422697703,0.008961870819466616,0.006318702071608171,0.3074502824824631,0.5772545923500465,0.7761935054668355,1.0536394359767927,0.9997755345551799,93.19842161348893,131.01877436215906,0.999575406326048,4.1,3.1824662630558596,25.509672065586653,0.5077971094545656,3.0715,0,0,0.326666666666665,1.0,533.7411750000042,57.6,0,774.2087664203183,2,0.0685,3,0.285566080153366
105,main,U,"[0.45, 0, 0]",0.875,decomposed-arc,0.002,{},7.999999999999341,True,,2.2810259110640545,0.10201673152339615,0.004047693058338719,5.561185171505039,0.2851282388830303,0.01275209144042557,0.012132623944482057,0.19613365782580106,0.11472178904371047,0.10201673152339615,0.00017993113031405478,-1.7325543008955835e-05,0.011053266250077132,0.006328448249851046,0.31582679414449405,0.5775497270545344,0.9807014393191475,1.287203125693933,0.9997087665837092,93.95690961615465,132.58931279835826,1.0080982084808168,2.5,1.518319295469014,24.15768505792672,0.5376209008658536,3.11325,0,0,0.326666666666665,1.0,809.2219990677769,87.00292480805281,63,992.5231814464083,2,0.07625,3,0.28598735499552874
106,main,B,"[0.45, 0, 0]",0.875,decomposed-arc,0.002,{},7.999999999999341,True,,2.2750649076814464,-0.10608734454662723,0.003945436569143263,-1.0187470260642078,0.28438311346020423,-0.013260918068329497,-0.0022225612312152974,0.19539678628763954,0.13813168906455625,0.10608734454662723,9.549095822357024e-07,-1.7325543008955835e-05,0.009650703313653142,0.006325411242616307,0.3215215313510092,0.5671215493870023,1.048274555424118,1.096976607029158,0.9997609372016493,93.29628567731224,130.7125807508282,1.0035457144457307,2.5,1.4130180698394086,19.329794020997188,0.5172496066357587,3.08325,0,0,0.326666666666665,1.0,535.7427609375027,57.6,0,755.5006229567084,1,0.06125,3,0.2839389452961956
107,main,G,"[0.45, 0, 0]",0.875,decomposed-arc,0.002,{},0.6000000000000004,False,ik-target-rejected,0.12097948733795166,-0.012573519512546032,0.012189372318723133,0.05612631018555054,0.20163247889658598,-0.02095586585424337,0.0016326481828891428,0.2906662806923751,0.09827416205038589,0.012573519512546032,9.549095822357024e-07,-1.7325543008955835e-05,0.012274454596829937,0.004753065012159009,0.3029675513292143,0.7399410737879981,0.7937706133716209,1.5226001273608964,0.9995595146127825,5.858322001362164,12.105255454575742,1.1799586222757366,2.5,1.3274948028096236,16.977316914847933,0.06420652739768393,3.9433333333333334,0,1,0.24444444444444435,0.40960000000000013,439.19876663201177,57.6,0,762.5249656640036,2,0.056666666666666664,3,0.19594158445878943
108,main,N,"[0.45, 0, 0]",0.875,decomposed-arc,0.002,{},7.999999999999341,True,,1.0290393279066363,-0.011784745823382067,0.004309374538291043,2.980198339558638,0.12862991598834014,-0.0014730932279228798,0.006501784173471312,0.32872259775497326,0.09287017180229883,0.011784745823382067,0.005276968215443044,-0.00040224016104203897,0.013131709712450534,0.007864656928191025,0.4594776615432135,0.6580098821426977,0.7617809287058653,1.42430506989759,0.9996335073747862,62.679978947909376,96.71635158419657,1.4921299317340113,4.1,2.560720509848757,23.12006799666803,0.3005815574916012,2.757,0,0,0.98,0.40960000000000013,0.0,0.0,0,1390.1411138259732,2,0.287,3,0.1290390064331958
109,main,S,"[0.45, 0, 0]",0.875,decomposed-arc,0.002,{},0.32000000000000023,False,ik-target-rejected,0.054091293871802046,0.018879754683984697,0.011336774342408294,-4.365812313331899,0.16903529334938128,0.05899923338745214,-0.23811812309922475,0.3135884725306853,0.3370939292965403,0.018879754683984697,1.3595581549125243e-05,-1.419209700073698e-05,0.011359150706958338,0.005895391520173931,0.6930402781655202,0.8034611506975639,1.1925350638637342,1.380230824960465,0.9995465329072927,3.320314340023098,7.851435370847414,1.4198008821061694,3.0,2.390767244692098,14.365714558983933,0.032290598113815544,3.7,0,1,0.5,0.40960000000000013,179.3019791743152,36.54996457419709,0,685.2942637806422,2,0.10625,3,0.13170708561591532
110,main,D,"[0.45, 0, 0]",0.875,decomposed-arc,0.002,{},0.6000000000000004,False,ik-target-rejected,0.13994924589090105,0.003296721523351505,0.00981971815456562,-1.592907098669619,0.23324874315150157,0.005494535872252505,-0.0463357892502917,0.25574673637734124,0.06584817478346307,0.003296721523351505,9.549095822357024e-07,-1.7325543008955835e-05,0.01092276798581221,0.0054830518404138835,0.20913681250129623,0.6376229613546492,0.34043012056527183,1.2242063771656302,0.9997739996794497,5.064042697427065,11.586512369888686,0.8862261955977757,2.5,1.4008028263775347,13.913037473050618,0.061528442769585495,4.51,0,1,0.24444444444444435,0.40960000000000013,196.33000885967283,57.6,0,874.7888973083419,3,0.0,3,0.22349853254366978
111,main,P,"[0.45, 0, 0]",0.875,decomposed-arc,0.002,{},7.999999999999341,True,,2.273930043139139,-0.08717238535389904,0.003957794047608261,-0.3256029166790322,0.2842412553924158,-0.010896548169238277,-0.0007103553687682926,0.19562292139323273,0.13536991869672038,0.08717238535389904,9.549095822357024e-07,-0.00016215565261962217,0.009386931159538425,0.006332457625370098,0.321100345515228,0.5643205075587326,1.0472243986153016,1.0837158584292548,0.9997656935407638,93.11898869487989,130.39280814663235,1.0024910715512023,2.5,1.416457093254923,25.668938426747307,0.5165292379728947,3.08025,0,0,0.326666666666665,1.0,535.7427609375027,57.6,0,755.4989732957637,1,0.06,3,0.28394449799398014
112,domain,B,"[0.3, 0, 0]",0.0,decomposed-arc,0.002,{},7.999999999999341,True,,1.537897413944067,0.0414276265859874,0.004439474210278972,2.1574107736553656,0.19223717674302424,0.005178453323248852,0.004706740164785921,0.12461528241592432,0.0938501278270518,0.0414276265859874,0.00036209853375754634,0.0,0.007564573842725131,0.005021310667179319,0.19489179867436976,0.44803226453438966,0.7487678005372884,0.997826679418578,0.999785552501355,58.570321156356755,85.82534142180896,0.9326763716494428,3.0,2.475230733013195,24.086826910167478,0.32647240355516505,3.09625,0,0,0.0,0.8,501.88577025837674,53.89268889978072,0,1137.7230373638638,2,0.055,3,0.19241051133690584
113,domain,N,"[0.3, 0, 0]",0.0,decomposed-arc,0.002,{},7.999999999999341,True,,1.126722885666245,-0.03734349460624688,0.0045651081262096,-4.590050641768458,0.14084036070829223,-0.004667936825781244,-0.010013937066518118,0.1750900742610448,0.07945278852348507,0.03734349460624688,0.0010845766744187928,-5.848078811823698e-05,0.009381589747838509,0.006114599764476235,0.37491462012160326,0.4099056926709391,0.5770903616504168,0.7481177874097714,0.9999070259029781,59.1416416954088,89.35838407564513,1.2852159542125678,3.0,2.4678961401413964,20.40997950954563,0.3143919643308956,2.953,0,0,0.0,0.8,0.0,0.0,0,1198.7538265607184,2,0.0795,3,0.1395934940564431
114,domain,S,"[0.3, 0, 0]",0.0,decomposed-arc,0.002,{},0.4000000000000003,False,ik-target-rejected,0.05737787445927645,-0.023663734313638267,0.008707821490851428,3.2676870542569567,0.14344468614819103,-0.05915933578409562,0.1425797450539461,0.1945037109371055,0.1791235951558928,0.023663734313638267,1.1747421538282868e-05,0.0,0.008759487825463291,0.004421144848544775,0.6232912924933398,0.6266849647937417,0.8965204409800249,1.3382943735594148,0.9996494810031312,2.3403518414703597,6.292810547211593,0.9237732799677648,2.5,1.2577595067947933,12.140087149794887,0.023158107064144312,4.25,0,1,0.0,0.40960000000000013,127.26819483942559,32.783034916313774,0,532.1231720442071,3,0.0,3,0.1452897181580437
115,domain,B,"[0.3, 0, 0]",0.25,decomposed-arc,0.002,{},7.999999999999341,True,,1.5585049886133393,-0.004965062526965863,0.0033418025495704703,-0.17193765195064795,0.19481312357668346,-0.0006206328158707841,-0.00037510976683588807,0.12230298892154427,0.0732034257042811,0.004965062526965863,4.215863633031162e-05,-0.0006080139089128522,0.008367922718679727,0.0051130239026117765,0.2041147369288688,0.4384834234296399,0.7253557697655868,1.1458943570060482,0.9997402496703891,58.65853604757652,85.21459639009613,0.9220597622498015,3.0,2.789622709050657,16.645790284818027,0.35178340839540634,3.01675,0,0,0.0,1.0,533.7411750000001,57.6,0,1034.4079314077262,2,0.10875,3,0.19473416585383918
116,domain,N,"[0.3, 0, 0]",0.25,decomposed-arc,0.002,{},7.999999999999341,True,,1.101003394620065,-0.008296958106088303,0.005069048460959112,-0.6168183069409692,0.13762542432751945,-0.0010371197632611233,-0.0013456887928372239,0.18088464031780505,0.08729288452717955,0.008296958106088303,0.006457076050870259,-0.0006065919925486163,0.010339659905159282,0.006430769865355792,0.37909556696901814,0.39286179797995674,0.6032833617307642,0.8062417329296514,0.9998866291063405,60.1192241760173,90.28755903595042,1.337675057574511,3.0,3.4556260587586487,17.83735103331592,0.3252995823459993,2.8815,0,0,0.0,0.6400000000000001,0.0,0.0,0,1044.5689864527153,2,0.1335,3,0.137464203680273
117,domain,S,"[0.3, 0, 0]",0.25,decomposed-arc,0.002,{},0.4000000000000003,False,ik-target-rejected,0.05273611877645962,-0.014674394428967405,0.009552281590831806,5.2119481191039485,0.13184029694114893,-0.036685986072418485,0.2274141378037235,0.19437297880726714,0.28759428854797114,0.014674394428967405,4.7719046055264415e-05,-0.0006033375201264513,0.009595244934997527,0.0054725385886085385,0.34392575677481413,0.6736658572886112,0.5630987510718102,1.1253757776742355,0.9998051991694381,3.2630935157068333,8.31152754840347,1.4603779351122017,2.840765373500055,1.7246156511830562,14.954778321223152,0.03807192442610303,4.11,0,1,0.0,0.40960000000000013,127.26820526109464,34.34173962119693,0,1042.962886050482,3,0.0,3,0.1426522627810265
118,domain,B,"[0.3, 0, 0]",0.5,decomposed-arc,0.002,{},7.999999999999341,True,,1.5398200990254263,-0.007653124925957145,0.004806490475870074,-1.4348112869495955,0.19247751237819413,-0.000956640615744722,-0.0031302726377562067,0.12541936362066022,0.09340066579351267,0.007653124925957145,0.0006443028728988346,0.0,0.009257917618252454,0.005073727172779033,0.20615140116736597,0.45303715899710906,0.7778880660995512,1.0369388346062416,0.9997547723376639,58.966254199236445,86.2345387965083,0.9381373851435625,3.3897101204975124,2.37349669522245,25.339029983088803,0.33047544018219394,3.0945,0,0,0.0,0.8,501.8858113565269,53.89269331291604,0,1594.5818402972818,2,0.06275,3,0.19192567214794062
119,domain,N,"[0.3, 0, 0]",0.5,decomposed-arc,0.002,{},7.999999999999341,True,,1.1266185710476861,-0.050809392339067,0.005964991819772121,-5.230306767633304,0.14082732138097237,-0.006351174042383898,-0.011410759248068832,0.17405556672022407,0.08140631517761783,0.050809392339067,0.0008558107676570065,-0.0007169988801959126,0.009851206363296089,0.006102344567654686,0.3759438634512734,0.39413311931810263,0.5765011700974085,0.7650892244438289,0.9998894083217907,59.030451133868894,89.41929182607616,1.2823194671634035,3.4942665600022558,1.9445981390420077,17.59481394158921,0.32469801486114463,2.8825,0,0,0.0,0.8,0.0,0.0,0,1386.374825965278,2,0.1605,3,0.1394861002305686
120,domain,S,"[0.3, 0, 0]",0.5,decomposed-arc,0.002,{},0.4200000000000003,False,ik-target-rejected,0.07307044398343099,0.02124179671456545,0.012842599984016725,-3.0833632637611244,0.17397724757959745,0.05057570646325103,-0.1281305737801665,0.17662409761168163,0.16538372219590158,0.02124179671456545,1.1747421538282868e-05,0.0,0.012875553292390457,0.006680750842096336,0.7003501914613212,0.7157192696286073,1.0138602761833833,1.5996996695733803,0.9994827585759687,2.694156914427553,7.247828436527593,0.8673671404944503,2.5,1.2031641180583144,12.532979371073507,0.026785451693765547,4.214285714285714,0,1,0.0,0.40960000000000013,128.6382691584265,35.355802984001706,0,524.6375543431071,3,0.0,3,0.14832858702844473
121,domain,B,"[0.3, 0, 0]",0.75,decomposed-arc,0.002,{},7.999999999999341,True,,1.5489198775747788,0.012725913719325467,0.0030051580666539826,0.018544165377131164,0.1936149846968633,0.0015907392149158144,4.045709285816268e-05,0.12461844266798121,0.07410466681515093,0.012725913719325467,0.0009289794148178866,-0.0003901265786307173,0.01008435779729644,0.005104288580720966,0.20340969322800406,0.44368674421409143,0.6911734805242682,1.1631698943638265,0.9997261336095196,58.94472431175665,85.60998954824733,0.9322654318773174,3.0,2.4674897523654193,21.263651101057107,0.35317130316574663,3.01775,0,0,0.0,1.0,533.7411750000002,57.6,0,1018.4376812763077,2,0.1085,3,0.19355378021504366
122,domain,N,"[0.3, 0, 0]",0.75,decomposed-arc,0.002,{},7.999999999999341,True,,1.10610972279391,-0.06387371621066301,0.0034634403239143068,-7.695079051860508,0.13826371534925014,-0.007984214526333534,-0.016788058207027553,0.17883279186225007,0.09544259962184852,0.06387371621066301,0.005801390806483319,-0.0014410583555999334,0.009781033896660185,0.006120076574575672,0.37491934897078394,0.3623674271290854,0.5384400117183358,0.6834950699709206,0.9999141912291162,58.94466470165684,89.38667170596412,1.3033517551022575,3.1746781826445374,1.712270177838579,20.076482951188144,0.3333790420087159,2.84625,0,0,0.0,0.8,0.0,0.0,0,1197.427340318113,2,0.181,3,0.13653366066246914
123,domain,S,"[0.3, 0, 0]",0.75,decomposed-arc,0.002,{},0.4000000000000003,False,ik-target-rejected,0.07139366597583076,0.015278985594522308,0.009179078220721107,-2.1419807208666364,0.17848416493957675,0.03819746398630574,-0.09346154023341095,0.17270069497796256,0.12652394287605648,0.015278985594522308,4.172424122125732e-05,-0.0003845282969111852,0.009214776811019565,0.006022624208576551,0.33364412348431977,0.6243607988445531,0.6225072226102777,0.9370771300156955,0.9998763709929739,3.328285030112095,8.391313735383218,1.1167981061503849,2.8965081667593133,1.757846958563696,15.550257287550139,0.04334151245332256,3.995,0,1,0.0,0.40960000000000013,127.26820526109464,34.3417424333547,0,1027.1752290551915,2,0.015,3,0.1611601698520297
124,domain,B,"[-0.18, 0, 0]",0.0,decomposed-arc,0.002,{},7.999999999999341,True,,-0.9345428593478149,-0.0690749446534888,0.0034318406146452113,4.310738363591372,-0.11681785741848648,-0.008634368081686812,0.009404572204588511,0.07680291230837204,0.062041711016788875,0.0690749446534888,0.935141597321333,-0.0004610771891227494,0.006869460620674395,0.0034225333389846123,0.25873138168243853,0.29209688786027005,1.235551658154037,1.1381004545176856,0.9995727007513995,39.36182561480952,61.09152880114278,1.0290374547475534,3.0,3.221319342143425,21.409863367082682,0.21700282988178785,3.156,0,0,0.0,1.0,349.64203760921976,38.3043424199407,0,811.8670942280971,2,0.023,3,-0.11580349198546097
125,domain,N,"[-0.18, 0, 0]",0.0,decomposed-arc,0.002,{},7.999999999999341,True,,-0.7505186966940708,-0.013934366693530624,0.003182982886406122,1.5090115322283748,-0.09381483708676658,-0.0017417958366914715,0.003292152460993979,0.09609556647933461,0.03450054572520833,0.013934366693530624,0.7505186966940712,-0.0007112579732315993,0.004646262458337269,0.0035084530870760937,0.2611993154048779,0.24187283611576407,0.4204271176268591,0.3897894977892783,0.9999527379782641,37.85557189534708,58.27124182253471,1.2354685861691466,1.7315813791358532,1.0204116982528812,16.756190446183545,0.1997424103996121,3.1905,0,0,0.0,1.0,0.0,0.0,0,679.4376507097724,2,0.00375,3,-0.09336288088185292
126,domain,S,"[-0.18, 0, 0]",0.0,decomposed-arc,0.002,{},0.6000000000000004,False,ik-target-rejected,-0.060186539085234525,0.009782376413085103,0.005610467743395929,-7.50823157978468,-0.1003108984753908,0.01630396068847516,-0.21840560344909649,0.11340846706891752,0.28795004262741847,0.009782376413085103,0.06018653908523449,-0.0004810853149741501,0.005565880387111893,0.003200794225609152,0.5344215072657648,0.8029041328141868,0.8333740635832635,1.2814380276354898,0.9996798405394013,3.4868891410366016,9.911696312158131,1.400925428320398,2.5,1.2526865747447216,15.314238125200061,0.042599784718607224,4.29,0,1,0.0,0.40960000000000013,81.21045837087912,32.33561333986843,0,502.2246174617223,2,0.006666666666666667,3,-0.11717387742479084
127,domain,B,"[-0.18, 0, 0]",0.25,decomposed-arc,0.002,{},7.999999999999341,True,,-0.9128964387856031,0.011523742969442707,0.004112903463776564,-0.684756522361271,-0.11411205484820978,0.001440467871180457,-0.0014939069862139175,0.07680152558910525,0.04505435090629307,0.011523742969442707,0.9128966947856272,-0.0006520374955860386,0.00412054877561796,0.0032247679772642495,0.1398918956554839,0.2518397687461774,0.5644675083838935,0.6128475933661974,0.9998938298865919,38.897268362408454,59.483032041447466,1.0437614246666977,2.5,1.1945393085435987,14.019179124018141,0.223126992403148,3.07725,0,0,0.0,1.0,337.7940862083612,36.45388491079332,0,660.3728429654338,2,0.0555,3,-0.11424303522605024
128,domain,N,"[-0.18, 0, 0]",0.25,decomposed-arc,0.002,{},7.999999999999341,True,,-0.7427515573019157,-0.020379037776016618,0.004273710185606198,1.0349706420320555,-0.0928439446627471,-0.002547379722002287,0.002257955670617559,0.09715722239838788,0.03722018200291148,0.020379037776016618,0.7427946987407292,-0.0008961549538930302,0.004652351797776427,0.00353438118898959,0.2561565428783995,0.23778553704759248,0.3940379470208112,0.379445956434931,0.9999548468550401,37.48800022898388,57.09612810115807,1.2360144458090487,3.0,1.881940985361526,14.895705427392706,0.2086270593839968,3.0535,0,0,0.0,1.0,0.0,0.0,0,624.5456220847274,2,0.0615,3,-0.09256630972690644
129,domain,S,"[-0.18, 0, 0]",0.25,decomposed-arc,0.002,{},0.6000000000000004,False,ik-target-rejected,-0.05959312588303926,0.004763912251717865,0.007886327733887175,-3.5652984636227663,-0.09932187647173202,0.007939853752863102,-0.10371032834418752,0.11835775958452907,0.2623300752510535,0.004763912251717865,0.059593125883039284,-0.0006644255083724515,0.007845325416102666,0.003876929016475652,0.3254156687167274,0.656788042693436,0.576060651717336,1.0026044098242881,0.9998058001505319,4.331568365390176,10.924250401929092,1.775023031064402,2.5,1.507535742985261,14.933787465086748,0.050480640141574835,4.033333333333333,0,1,0.0,0.40960000000000013,219.67480671425506,29.91879130713675,0,667.4803850329041,2,0.06666666666666667,3,-0.10402936303394039
130,domain,B,"[-0.18, 0, 0]",0.5,decomposed-arc,0.002,{},7.999999999999341,True,,-0.9128765028605585,0.10527100588343678,0.004137716586344009,-6.351823788141559,-0.11410956285757921,0.013158875735430682,-0.01385752982619726,0.08045719581797237,0.08091867530951531,0.10527100588343678,0.9159018684886899,0.0,0.005819636134686834,0.0032747321349198225,0.2743911471399733,0.2935542657141745,1.215753905591758,1.2197577899883323,0.9995424178189733,39.34935440031501,60.68801075614264,1.0490475984163692,2.5,1.2388212364267586,20.972988923064086,0.21445169140357864,3.12325,0,0,0.0,1.0,349.64200897792387,38.304339283295704,0,815.2450376101683,2,0.0525,3,-0.11538045197535708
131,domain,N,"[-0.18, 0, 0]",0.5,decomposed-arc,0.002,{},7.999999999999341,True,,-0.7512664658633449,-0.009740664868078173,0.004449207538547253,-0.14300090831600779,-0.09390830823292584,-0.001217583108509872,-0.00031197958543213516,0.09586460511082033,0.03393749129544314,0.009740664868078173,0.7512664658633433,-0.0019227533093499616,0.004639606404898328,0.0035242070393024776,0.2646464240228068,0.24836044579160874,0.39504476421441004,0.41778267679267994,0.9999483502699298,37.74288913761445,58.828238881727046,1.2306736084699597,3.0,2.327759412422971,17.074016811494086,0.1993160577693259,3.13775,0,0,0.0,1.0,0.0,0.0,0,626.043838362726,2,0.0255,3,-0.09380651667453177
132,domain,S,"[-0.18, 0, 0]",0.5,decomposed-arc,0.002,{},0.5800000000000004,False,ik-target-rejected,-0.08189167503144058,0.02058817795700419,0.006150438883099994,0.6095335235521859,-0.1411925431576561,0.03549685854655892,0.018342011874600068,0.09529941350170337,0.11860495935272718,0.02058817795700419,0.08189167503144057,0.0,0.0060851201332308424,0.0038256217318910148,0.47222006641407704,0.6012638746433594,0.8793342334229184,0.9483046537493286,0.9998455830348331,3.2137740278699383,9.337316728583344,0.9324062648577017,2.5,1.26633476818463,17.276843000735933,0.04209802777601862,4.2379310344827585,0,1,0.0,0.40960000000000013,80.96285855154068,32.33561598774962,0,533.2729157849641,2,0.017241379310344827,3,-0.13408386919837076
133,domain,B,"[-0.18, 0, 0]",0.75,decomposed-arc,0.002,{},7.999999999999341,True,,-0.9175944815348865,-0.000789972925613464,0.0038391797089157536,0.3967093988868128,-0.11469931019187027,-9.874661570169113e-05,0.0008654856480228726,0.07650020329667434,0.04543202504484123,0.000789972925613464,0.9176284714649476,-0.00036730322822528527,0.004360446861171707,0.00323197969367985,0.13954818613389097,0.2506065943230126,0.6202200444222086,0.6415054738619091,0.9998822159021229,38.93121353590329,59.60583144302974,1.0394060451644205,3.0,2.3833885297713246,14.441214824781387,0.2213484615048446,3.08875,0,0,0.0,1.0,337.7940585472647,36.45388192567759,0,648.6626728863868,2,0.04225,3,-0.11459141962491026
134,domain,N,"[-0.18, 0, 0]",0.75,decomposed-arc,0.002,{},7.999999999999341,True,,-0.740287041215659,-0.015004944441863954,0.0037504978712174816,0.76961734138774,-0.092535880151965,-0.001875618055233149,0.0016790445734577992,0.09720896119113286,0.03658483408743005,0.015004944441863954,0.7403336796675135,-0.0017165697658582113,0.004558173386833786,0.0035711530219498123,0.2617706743692892,0.23836357102177108,0.39091968114242165,0.3991697697365692,0.999950698936809,37.36478447940177,56.92061313802252,1.2362644810939456,1.9347411226506117,1.1988694247019516,14.51266606818069,0.20976792726096144,3.077,0,0,0.0,1.0,0.0,0.0,0,569.0357561710541,2,0.02175,3,-0.09234068079501329
135,domain,S,"[-0.18, 0, 0]",0.75,decomposed-arc,0.002,{},0.5800000000000004,False,ik-target-rejected,-0.06783954996963636,0.024066044404860286,0.0056897520369175066,-2.1030953743906693,-0.11696474132695915,0.041493180008379774,-0.06328610132168963,0.12520193262026674,0.1772788793231037,0.024066044404860286,0.06818394298208073,-0.00019790577858164182,0.005631159811470721,0.003691204931466704,0.3463008398131644,0.5368138251788577,0.6217739706431266,0.9212354631554392,0.999834317583695,3.787007240592015,9.451714903265081,1.2888776851715467,2.5,1.3054329298394824,13.651824217177534,0.046498302970048394,3.8413793103448275,0,1,0.0,0.40960000000000013,219.67482470286717,28.294579822747945,0,655.6950619883806,2,0.08620689655172414,3,-0.11885498481450725
136,domain,B,"[0, 0.12, 0]",0.0,decomposed-arc,0.002,{},7.999999999999341,True,,0.0018193127684444671,0.7807012019351404,0.0031651597354250814,0.09698526710605411,0.00022741409605557712,0.09758765024190058,0.000211589029615867,0.03298028529599174,0.003758497840622968,0.7807012019351404,0.0036931458487348664,0.0,0.005667365428115911,0.004340507953406458,0.16714732883304614,0.039283429578234434,0.38422335789564355,0.06494108317091575,0.9999730065374144,32.13498401157875,49.237751565687645,1.0083941367295195,2.5,1.238397449999622,14.048124489048886,0.1486861566368114,4.21475,0,0,0.0,1.0,418.8156089335916,45.30833822221174,0,640.8196843871934,2,0.00175,3,0.00022769496540841566
137,domain,N,"[0, 0.12, 0]",0.0,decomposed-arc,0.002,{},7.999999999999341,True,,0.005377645879460514,0.5923880808798043,0.003669419828623042,-0.18985691662200874,0.0006722057349326197,0.07404851010998165,-0.00041420353784233445,0.0561024326869794,0.0020584443341607026,0.5923880808798043,0.0026094379054945466,-0.0006478993053245785,0.004261971312696039,0.0035147217398584793,0.23274530671854365,0.03366379339062235,0.4548594879078339,0.04940286549607096,0.9999632054737402,34.264995997230635,52.21956252729223,1.4169832956617465,2.3151118079406285,1.4184510505041688,11.40119348783979,0.12330656462799991,3.10175,0,0,0.0,1.0,0.0,0.0,0,537.6449207392369,2,0.02975,3,0.0006133654077871843
138,domain,S,"[0, 0.12, 0]",0.0,decomposed-arc,0.002,{},7.999999999999341,True,,0.006084070332832101,0.45093653868527744,0.008840901331567855,1.3767949018343826,0.0007605087916040753,0.05636706733566432,0.0030037005202105094,0.19270790922928308,0.013172164713056113,0.45093653868527744,0.05581413843612876,0.0,0.016851299518252927,0.011001842340678409,0.7031749445365467,0.3195228221734614,1.1999333095039288,0.8624031458956972,0.9997595711352012,60.66022438444732,118.01156675066619,3.2952419771378705,4.0873553633049085,2.0182390236377823,27.764131094403776,0.36259500945624124,3.072,0,0,0.0,0.40960000000000013,418.8156089335916,45.30833822221174,0,1577.202608130787,1,0.25875,3,0.0010341271343036335
139,domain,B,"[0, 0.12, 0]",0.25,decomposed-arc,0.002,{},7.999999999999341,True,,0.0021612128442460047,0.7720256513803827,0.004849198279268249,-0.03308983064631794,0.00027015160553077287,0.09650320642255579,-7.219081171320236e-05,0.04529463916000305,0.004475723665701107,0.7720256513803827,0.0025822294803478593,-3.0342322587806336e-07,0.004923123522531381,0.003998311747486801,0.20815174126617736,0.03688630353722904,0.5260887367305628,0.057160205800689874,0.9999517216838176,30.595062033823265,48.183242612181296,0.9708589907219299,2.601330939613304,1.6020267602218812,13.132951464465638,0.14982408137941772,4.5015,0,0,0.0,1.0,417.81893012095725,45.08996401667353,0,593.3093288122365,3,0.0,3,0.0002489238997978306
140,domain,N,"[0, 0.12, 0]",0.25,decomposed-arc,0.002,{},7.999999999999341,True,,0.005108448708672785,0.5818345573945033,0.003983164104380802,-0.24899025591914523,0.0006385560885841507,0.0727293196743189,-0.0005432124713965928,0.05738486933996494,0.0022489947184678133,0.5818345573945033,0.0020507959015094693,-0.0008355418825317373,0.004349778105612184,0.003533730700829735,0.2310278577104473,0.035198007380457315,0.45253457219611076,0.04871113894613616,0.9999635324283431,34.029052848101486,51.26437458284187,1.4327547651686523,3.0,2.366813909360949,15.009017791830201,0.12778317240478354,3.05925,0,0,0.0,1.0,0.0,0.0,0,616.7304391814383,2,0.03775,3,0.0005782605234379883
141,domain,S,"[0, 0.12, 0]",0.25,decomposed-arc,0.002,{},7.999999999999341,True,,-0.18945168053400455,0.4973940016584823,0.014662249227292017,41.362050796653875,-0.023681460066752518,0.06217425020731541,0.09023799647235164,0.15166648102258715,0.181518106900608,0.4973940016584823,0.2752304211609461,-1.7680459771629575e-05,0.016168835602645676,0.01023829274185688,0.7768834195191932,0.6058339754745,1.6301883379593185,1.2710140923288222,0.9993724239130062,57.55611927566422,104.10756070559573,2.6491834811461175,3.8760532701345216,2.0934254402538555,32.10663138216351,0.39084286765485116,3.51825,0,0,0.0,0.40960000000000013,417.81893012095725,45.08996401667353,0,1539.8222935292692,2,0.17475,3,-0.019837794931469088
142,domain,B,"[0, 0.12, 0]",0.5,decomposed-arc,0.002,{},7.999999999999341,True,,0.001132857328253942,0.7844587219526418,0.0047523200978287225,0.021021251764505602,0.0001416071660317544,0.0980573402440883,4.586125702266509e-05,0.0479025301586394,0.0034626871106200993,0.7844587219526418,0.0035412789376424057,0.0,0.005250553777021244,0.004200021670752927,0.17675970265142216,0.040046970498686225,0.45483639318485586,0.05858033339790169,0.9999631451335581,31.42626281765584,47.95581996634047,0.9814325105540663,2.5,1.1719954701555586,13.213379316122476,0.14002901555240166,4.48725,0,0,0.0,1.0,418.8156089335948,45.30833822221139,0,628.3505720842057,3,0.0,3,0.00012709816329325367
143,domain,N,"[0, 0.12, 0]",0.5,decomposed-arc,0.002,{},7.999999999999341,True,,0.004530667202286455,0.5937748280110033,0.004194418862868584,-0.310573601073686,0.0005663334002858535,0.07422185350138154,-0.000677566488563958,0.056896579845783835,0.002504478463528436,0.5937748280110033,0.0016400454861789152,-0.0015957433471537608,0.004431231291755738,0.0035476009233377957,0.2248609750719609,0.03294081636581709,0.44936730963086524,0.05374380868878607,0.9999639437953838,34.241332679365364,51.616885612597876,1.4127147685211812,1.8105094831287962,0.912139939438016,14.780107456724576,0.12760579244201292,3.08475,0,0,0.0,1.0,0.0,0.0,0,623.3837681769543,2,0.03,3,0.0004870602503913681
144,domain,S,"[0, 0.12, 0]",0.5,decomposed-arc,0.002,{},7.999999999999341,True,,-0.001992928287863968,0.6003637973627489,0.004699065224922057,-14.01385045628609,-0.00024911603598301655,0.07504547467034979,-0.030573478918040263,0.14744601719203557,0.1558900120043694,0.6003637973627489,0.08912956681055603,0.0,0.014617279472033673,0.008867886182553216,0.634751027528752,0.422894582821559,1.5061092336903097,1.0326270333753966,0.9996359651933806,58.52928182923663,107.88242039794459,2.3883312292426733,3.9703412175419612,1.87601400911492,30.927137338095207,0.38623016062164023,3.51675,0,0,0.0,0.40960000000000013,418.8156089335948,45.30833822221139,0,1482.4622249817025,2,0.183,3,-0.0033521715285369505
145,domain,B,"[0, 0.12, 0]",0.75,decomposed-arc,0.002,{},7.999999999999341,True,,0.0002647620063207736,0.7827800372306138,0.003265993299759483,0.11452361384031315,3.309525079009942e-05,0.0978475046538348,0.0002498517665995221,0.036834475290715714,0.004446854288657082,0.7827800372306138,0.004323927098585355,-0.0002832187220344895,0.00572521108606755,0.004353180586779893,0.15325005542721581,0.04087683910945618,0.40102290146600467,0.07285126471294427,0.9999707944583075,31.49571693724524,47.81682198035344,0.985711862542934,2.4227916861871357,1.3033368724101837,13.21191424024865,0.15030297819656321,4.2745,0,0,0.0,1.0,417.81893012095475,45.08996401667309,0,596.7895170386726,3,0.0,3,4.60498892335559e-05
146,domain,N,"[0, 0.12, 0]",0.75,decomposed-arc,0.002,{},7.999999999999341,True,,0.004571124770934587,0.5839566712103462,0.0037485963116507394,-0.2160359430655132,0.0005713905963668705,0.07299458390129929,-0.0004713173136430659,0.05818198364775547,0.002424271545470037,0.5839566712103462,0.0016956453205231971,-0.0015491191238873325,0.0040434200078467986,0.003538996922047884,0.22096991950090605,0.033244160325993526,0.4274321722262455,0.04272191218704535,0.999967205374449,34.045336771119906,51.71848968384244,1.4282425119205848,3.0,2.294450239616907,11.989244409901435,0.12967049032830907,3.05825,0,0,0.0,1.0,0.0,0.0,0,531.8682346665213,2,0.0375,3,0.0005101300817611052
147,domain,S,"[0, 0.12, 0]",0.75,decomposed-arc,0.002,{},7.999999999999341,True,,-0.00029369098040243994,0.43149333485253283,0.015111205448637819,0.6301081738844292,-3.6711372550308015e-05,0.053936666856571044,0.001374682784751643,0.18525196538681993,0.015469354630323073,0.43149333485253283,0.05647194217974476,-0.00028882590460169166,0.017010036832040165,0.010563806800622676,0.6326121164268953,0.18609950070120027,1.3179717194349316,0.6015696672186525,0.9997184487970309,60.39263895855098,116.89533087654088,3.4288466773043824,4.061384701923436,2.3758450415974965,25.942232914122904,0.37903246409536623,3.09575,0,0,0.0,0.40960000000000013,417.81893012095475,45.08996401667309,0,1568.8677452988827,1,0.2855,3,0.000176727229247675
148,domain,B,"[0, -0.12, 0]",0.0,decomposed-arc,0.002,{},7.999999999999341,True,,-0.0008199380688139534,-0.7772759831752973,0.0036621124839492335,-0.20815030711115406,-0.00010249225860175262,-0.09715949789692017,-0.00045411352476591304,0.049668924441923806,0.005435808890713365,0.7772759831752973,0.009747959464968788,0.0,0.0051800239456372965,0.0042787474908308355,0.22359270206805304,0.051345016484226826,0.5482191441304901,0.08684238583899821,0.9999599745359127,31.180886646187552,47.70261854560239,0.9827684841749612,2.5,1.1729223968736815,13.413875600410012,0.15524039141410967,4.51975,0,0,0.0,1.0,418.8156089335916,45.30833822221174,0,607.7523733133972,1,0.001,3,-0.00017088864646210513
149,domain,N,"[0, -0.12, 0]",0.0,decomposed-arc,0.002,{},7.999999999999341,True,,0.004828895881692934,-0.5946944605370138,0.004152922935619582,-0.30529135681319797,0.0006036119852116665,-0.07433680756713285,-0.0006660424192839458,0.056731494978363155,0.0024094382566876467,0.5946944605370138,0.0038810382908495444,-0.0005304690339579254,0.004820026513350895,0.004285887673336096,0.30803943467989553,0.042663771626134335,0.5273813741518956,0.06117062394227302,0.9999633154657709,34.36370310097663,51.714178635216356,1.415565596010573,1.800745905201981,0.9307064679063836,15.122044391770588,0.12985456569997011,3.12375,0,0,0.0,1.0,0.0,0.0,0,582.4407130990693,2,0.0185,3,0.0005170959454095829
150,domain,S,"[0, -0.12, 0]",0.0,decomposed-arc,0.002,{},7.999999999999341,True,,0.0829218455927285,-0.747907222483845,0.004964391078567377,39.029042261739264,0.010365230699091916,-0.09348840281048833,0.08514816142092758,0.1283237613650883,0.1723284619416026,0.747907222483845,0.128597256962939,0.0,0.01617824156804082,0.009405073876677654,0.642310513455291,0.631582639589979,1.1212464821154,1.24014999800857,0.999609083196576,55.33310419494319,103.02666955110416,1.8014513385811664,4.1,1.936305864787949,22.705373578019753,0.38234268272643834,3.549,0,0,0.0,0.40960000000000013,418.8156089335916,45.30833822221174,0,1182.9532474729704,2,0.14975,3,0.014576533631203734
151,domain,B,"[0, -0.12, 0]",0.25,decomposed-arc,0.002,{},7.999999999999341,True,,-0.0010799522099652057,-0.7763736899951035,0.0024459169267736394,-0.26678575222085676,-0.00013499402624566183,-0.09704671124939593,-0.0005820362217080135,0.039109197544765203,0.004078638050627132,0.7763736899951035,0.00648514746915864,-5.565597800905042e-06,0.005989298718287073,0.004438483315806337,0.18962750750976023,0.03424993349853568,0.5078465444083613,0.06113448941431836,0.9999661543812588,31.240639141511828,47.51504454142386,0.9857957276498827,2.4248849498674176,1.1321489883017943,13.191578691404283,0.16531559513747893,4.3805,0,0,0.0,1.0,417.81893012095725,45.08996401667353,0,583.2466491953312,3,0.0,3,-0.00020863850226813749
152,domain,N,"[0, -0.12, 0]",0.25,decomposed-arc,0.002,{},7.999999999999341,True,,0.005200244123071581,-0.5856037673092255,0.0037351089229317514,-0.14552852192954982,0.0006500305153840012,-0.07320047091365922,-0.00031749398290395307,0.05797815292067945,0.002140065983485272,0.5856037673092255,0.0033613583311964627,-0.0007373339332954476,0.004891810308387007,0.004333803282528844,0.30560866433752726,0.04267222022180854,0.5345076508237915,0.06099509637877182,0.999962240429332,34.171344337813196,50.98698325135713,1.4294841054748495,3.0,2.2991746163376123,11.843253556572487,0.13625912593671222,3.0925,0,0,0.0,1.0,0.0,0.0,0,527.7047045493106,2,0.04025,3,0.0006028762885522736
153,domain,S,"[0, -0.12, 0]",0.25,decomposed-arc,0.002,{},7.999999999999341,True,,0.0014806123506185792,-0.4305718036694768,0.015135439776717314,-0.4041236530464543,0.00018507654382733763,-0.05382147545868903,-0.0008816610413560526,0.17924060619621807,0.008498600776839602,0.4305718036694768,0.026747722396501316,0.0,0.01711599533309993,0.01169408339788008,0.5237006962280264,0.11779737640136795,0.9162166906016301,0.26293846538955923,0.9998776091850832,58.41898557677649,121.07084276884788,3.323870600646881,4.1,1.8030949382582266,25.183282816640684,0.36682193644896444,3.183,0,0,0.0,0.40960000000000013,417.81893012095725,45.08996401667353,0,1424.591105100299,1,0.25525,3,0.00015258242778323723
154,domain,B,"[0, -0.12, 0]",0.5,decomposed-arc,0.002,{},7.999999999999341,True,,-0.0006498648679126256,-0.7790301037678157,0.003194764081569546,-0.21265950982456208,-8.123310848908489e-05,-0.09737876297098498,-0.00046395107901451785,0.034070989805679866,0.004887246400605377,0.7790301037678157,0.007734980632209194,0.0,0.005958945933335957,0.0045248670829537325,0.21278262172522822,0.034824842277768574,0.49712282771677224,0.06085519747085073,0.9999675748311588,31.883000577834927,48.93635735300485,1.0026354285346146,2.5,1.236812661686616,14.296922398099024,0.15866294538632308,4.32525,0,0,0.0,1.0,418.8156089335948,45.30833822221139,0,619.0159580344911,2,0.00025,3,-0.00013217676816357394
155,domain,N,"[0, -0.12, 0]",0.5,decomposed-arc,0.002,{},7.999999999999341,True,,0.0037898956980144576,-0.598401252872132,0.004295186509831683,-0.2986384845361735,0.00047373696225184623,-0.07480015660902266,-0.0006515281035403534,0.05505049281846092,0.0023878855977801216,0.598401252872132,0.005362364528846448,-0.0013111141962219297,0.004937057255523319,0.004333574443008648,0.3139920151396937,0.041956543639039286,0.560854385042277,0.06141811371351084,0.9999581336221646,34.69550920349644,52.31602101814053,1.4203988516762094,1.827723635347691,1.12278274534511,9.67243972192592,0.12929794679962667,3.13375,0,0,0.0,1.0,0.0,0.0,0,547.8447210498032,2,0.03375,3,0.00039835038053789525
156,domain,S,"[0, -0.12, 0]",0.5,decomposed-arc,0.002,{},7.999999999999341,True,,0.0031926726621431356,-0.4434933480073047,0.008644216810214506,-1.1240821252411748,0.0003990840827679248,-0.055436668500917656,-0.002452366768534422,0.18167857353514463,0.01168216846719155,0.4434933480073047,0.037207999892104125,0.0,0.01932705189949152,0.01154466622672063,0.553148757698628,0.1427970588529434,0.9037271038399125,0.5807963252823116,0.9998854822028851,60.18477259146721,121.30443453973342,3.324501332155472,4.1,1.9674948474998672,26.886038289352925,0.3628836325664012,3.12475,0,0,0.0,0.40960000000000013,418.8156089335948,45.30833822221139,0,1701.4496136916307,2,0.25175,3,0.00020942775897952657
157,domain,B,"[0, -0.12, 0]",0.75,decomposed-arc,0.002,{},7.999999999999341,True,,0.0011211996363557565,-0.7693649864043925,0.003562761943038169,0.019859684784517714,0.0001401499545444811,-0.09617062330055699,4.3327110987260405e-05,0.04643943853530789,0.004106835016945899,0.7693649864043925,0.00946170423955759,-0.0002780115130510963,0.005114821407769254,0.0041979328704401155,0.251909813043042,0.049078407353985665,0.5857154896056146,0.07529326123231761,0.9999540515011723,30.402838575294933,47.429629647014465,0.9680984070614168,2.5,1.220387313330064,13.682959826442984,0.16403637783049194,4.5465,0,0,0.0,1.0,417.81893012095475,45.08996401667309,0,583.6692796134855,3,0.0,3,0.00011607134291207858
158,domain,N,"[0, -0.12, 0]",0.75,decomposed-arc,0.002,{},7.999999999999341,True,,0.004044661327347888,-0.5875807718941938,0.0036098762117799236,-0.2764185272137739,0.0005055826659185276,-0.07344759648678027,-0.0006030516766742874,0.05655820730650355,0.0024601244352756408,0.5875807718941938,0.004928180937026896,-0.0014044148422284464,0.004780334131389202,0.004322054608919545,0.3105568023679857,0.04304403024915658,0.5456392822205389,0.06241767289423992,0.9999605336442077,34.109761665752934,50.96735181889373,1.4221292577386344,3.0,2.357790127528964,9.628307358804852,0.13314889592374954,3.09825,0,0,0.0,1.0,0.0,0.0,0,577.6853481421597,2,0.026,3,0.00042661424267369924
159,domain,S,"[0, -0.12, 0]",0.75,decomposed-arc,0.002,{},7.999999999999341,True,,-0.03643931052640848,-0.5386700839658001,0.013086261210716002,-34.95183607033634,-0.004554913815801436,-0.06733376049573056,-0.07625307738059198,0.15538750039678328,0.16638136496797093,0.5386700839658001,0.2000246924312893,-0.00028681475446809546,0.017487199919224067,0.011684200313913434,0.665248956698444,0.535692763736693,1.1921342810701805,1.147048839174953,0.9996664858572402,55.8797433243141,108.12284816160968,2.535586190800112,4.1,2.438110324663607,21.870953665194897,0.39809805638331636,3.5225,0,0,0.0,0.40960000000000013,417.81893012095475,45.08996401667309,0,1385.1683554849926,2,0.20025,3,-0.01437814471973734
160,domain,B,"[0, 0, 0.45]",0.0,decomposed-arc,0.002,{},7.999999999999341,True,,0.044630346175754544,-0.2308221046785615,0.0030102937520815427,95.29577468300974,0.005578793271969778,-0.028852763084822566,0.20790312893216406,0.04288117005046683,0.2723743539925511,0.2308221046785615,0.050981936209781295,-0.0006404791818016009,0.0039316095578198484,0.0033976132175233638,0.17682542188055322,0.0290568185822489,0.32455480731220543,0.06998283831574911,0.999987447906334,28.588271089721985,45.37972157686931,2.9790556334695664,1.7221460309403243,0.8795881674274397,12.992054254759534,0.11843637273749079,3.15,0,0,0.0,1.0,0.0,0.0,0,454.88797212804144,3,0.0,3,0.0004537016198236824
161,domain,N,"[0, 0, 0.45]",0.0,decomposed-arc,0.002,{},7.999999999999341,True,,0.044630346175754544,-0.2308221046785615,0.0030102937520815427,95.29577468300974,0.005578793271969778,-0.028852763084822566,0.20790312893216406,0.04288117005046683,0.2723743539925511,0.2308221046785615,0.050981936209781295,-0.0006404791818016009,0.0039316095578198484,0.0033976132175233638,0.17682542188055322,0.0290568185822489,0.32455480731220543,0.06998283831574911,0.999987447906334,28.588271089721985,45.37972157686931,2.9790556334695664,1.7221460309403243,0.8795881674274397,12.992054254759534,0.11843637273749079,3.15,0,0,0.0,1.0,0.0,0.0,0,454.88797212804144,3,0.0,3,0.0004537016198236824
162,domain,S,"[0, 0, 0.45]",0.0,decomposed-arc,0.002,{},7.999999999999341,True,,0.044630346175754544,-0.2308221046785615,0.0030102937520815427,95.29577468300974,0.005578793271969778,-0.028852763084822566,0.20790312893216406,0.04288117005046683,0.2723743539925511,0.2308221046785615,0.050981936209781295,-0.0006404791818016009,0.0039316095578198484,0.0033976132175233638,0.17682542188055322,0.0290568185822489,0.32455480731220543,0.06998283831574911,0.999987447906334,28.588271089721985,45.37972157686931,2.9790556334695664,1.7221460309403243,0.8795881674274397,12.992054254759534,0.11843637273749079,3.15,0,0,0.0,1.0,0.0,0.0,0,454.88797212804144,3,0.0,3,0.0004537016198236824
163,domain,B,"[0, 0, 0.45]",0.25,decomposed-arc,0.002,{},7.999999999999341,True,,0.041570851435969114,-0.23047646522406726,0.003214249051384449,93.68418790176,0.005196356429496568,-0.02880955815301078,0.2043871919928606,0.0432648431550775,0.2770377198841345,0.23047646522406726,0.05295179593921648,-0.0007847133189828326,0.00391874676074061,0.003381714759824176,0.17430909207759715,0.027581665340630283,0.2950226482863191,0.062437337900182265,0.9999908546944593,28.33844804100866,45.1255818130957,2.964392798055722,3.0,2.7177766017099803,11.028440478910944,0.12111393949978133,3.12725,0,0,0.0,1.0,0.0,0.0,0,394.3847373457899,3,0.0,3,0.00040832518810325077
164,domain,N,"[0, 0, 0.45]",0.25,decomposed-arc,0.002,{},7.999999999999341,True,,0.041570851435969114,-0.23047646522406726,0.003214249051384449,93.68418790176,0.005196356429496568,-0.02880955815301078,0.2043871919928606,0.0432648431550775,0.2770377198841345,0.23047646522406726,0.05295179593921648,-0.0007847133189828326,0.00391874676074061,0.003381714759824176,0.17430909207759715,0.027581665340630283,0.2950226482863191,0.062437337900182265,0.9999908546944593,28.33844804100866,45.1255818130957,2.964392798055722,3.0,2.7177766017099803,11.028440478910944,0.12111393949978133,3.12725,0,0,0.0,1.0,0.0,0.0,0,394.3847373457899,3,0.0,3,0.00040832518810325077
165,domain,S,"[0, 0, 0.45]",0.25,decomposed-arc,0.002,{},7.999999999999341,True,,0.041570851435969114,-0.23047646522406726,0.003214249051384449,93.68418790176,0.005196356429496568,-0.02880955815301078,0.2043871919928606,0.0432648431550775,0.2770377198841345,0.23047646522406726,0.05295179593921648,-0.0007847133189828326,0.00391874676074061,0.003381714759824176,0.17430909207759715,0.027581665340630283,0.2950226482863191,0.062437337900182265,0.9999908546944593,28.33844804100866,45.1255818130957,2.964392798055722,3.0,2.7177766017099803,11.028440478910944,0.12111393949978133,3.12725,0,0,0.0,1.0,0.0,0.0,0,394.3847373457899,3,0.0,3,0.00040832518810325077
166,domain,B,"[0, 0, 0.45]",0.5,decomposed-arc,0.002,{},7.999999999999341,True,,0.047251963523064995,-0.23569647850457034,0.003715655164891464,95.26910186373809,0.005906495440383611,-0.02946205981307372,0.2078449378675291,0.043110885784338616,0.272433831338808,0.23569647850457034,0.05066618570702066,-0.0017567501696266197,0.003906639406147772,0.003414207549114647,0.17771821179008127,0.026305679433614153,0.32359725709634835,0.0589346767294711,0.9999797249907834,28.61255928707961,45.3613519605526,2.915984596185301,1.670931802904838,0.8895180740409915,13.97926105011161,0.11871341318543203,3.15375,0,0,0.0,1.0,0.0,0.0,0,432.650900182594,3,0.0,3,0.0006197484012085042
167,domain,N,"[0, 0, 0.45]",0.5,decomposed-arc,0.002,{},7.999999999999341,True,,0.047251963523064995,-0.23569647850457034,0.003715655164891464,95.26910186373809,0.005906495440383611,-0.02946205981307372,0.2078449378675291,0.043110885784338616,0.272433831338808,0.23569647850457034,0.05066618570702066,-0.0017567501696266197,0.003906639406147772,0.003414207549114647,0.17771821179008127,0.026305679433614153,0.32359725709634835,0.0589346767294711,0.9999797249907834,28.61255928707961,45.3613519605526,2.915984596185301,1.670931802904838,0.8895180740409915,13.97926105011161,0.11871341318543203,3.15375,0,0,0.0,1.0,0.0,0.0,0,432.650900182594,3,0.0,3,0.0006197484012085042
168,domain,S,"[0, 0, 0.45]",0.5,decomposed-arc,0.002,{},7.999999999999341,True,,0.047251963523064995,-0.23569647850457034,0.003715655164891464,95.26910186373809,0.005906495440383611,-0.02946205981307372,0.2078449378675291,0.043110885784338616,0.272433831338808,0.23569647850457034,0.05066618570702066,-0.0017567501696266197,0.003906639406147772,0.003414207549114647,0.17771821179008127,0.026305679433614153,0.32359725709634835,0.0589346767294711,0.9999797249907834,28.61255928707961,45.3613519605526,2.915984596185301,1.670931802904838,0.8895180740409915,13.97926105011161,0.11871341318543203,3.15375,0,0,0.0,1.0,0.0,0.0,0,432.650900182594,3,0.0,3,0.0006197484012085042
169,domain,B,"[0, 0, 0.45]",0.75,decomposed-arc,0.002,{},7.999999999999341,True,,0.04081352186909675,-0.23105987387678237,0.0030007952526773267,93.59559389240992,0.005101690233637515,-0.028882484234600176,0.2041939098477729,0.04256222935609962,0.27713185906753185,0.23105987387678237,0.052707951008260874,-0.0015861082300127338,0.0038722008901911353,0.0033894609996623945,0.1763218677776756,0.02626048689142926,0.29418322871960073,0.061733524159142496,0.9999892619702044,28.33361903205878,45.087504302206675,2.9583138654923125,3.0,2.334444513412783,8.911639265312148,0.12218726673523375,3.1215,0,0,0.0,1.0,0.0,0.0,0,394.30264027851365,3,0.0,3,0.0004187833770638241
170,domain,N,"[0, 0, 0.45]",0.75,decomposed-arc,0.002,{},7.999999999999341,True,,0.04081352186909675,-0.23105987387678237,0.0030007952526773267,93.59559389240992,0.005101690233637515,-0.028882484234600176,0.2041939098477729,0.04256222935609962,0.27713185906753185,0.23105987387678237,0.052707951008260874,-0.0015861082300127338,0.0038722008901911353,0.0033894609996623945,0.1763218677776756,0.02626048689142926,0.29418322871960073,0.061733524159142496,0.9999892619702044,28.33361903205878,45.087504302206675,2.9583138654923125,3.0,2.334444513412783,8.911639265312148,0.12218726673523375,3.1215,0,0,0.0,1.0,0.0,0.0,0,394.30264027851365,3,0.0,3,0.0004187833770638241
171,domain,S,"[0, 0, 0.45]",0.75,decomposed-arc,0.002,{},7.999999999999341,True,,0.04081352186909675,-0.23105987387678237,0.0030007952526773267,93.59559389240992,0.005101690233637515,-0.028882484234600176,0.2041939098477729,0.04256222935609962,0.27713185906753185,0.23105987387678237,0.052707951008260874,-0.0015861082300127338,0.0038722008901911353,0.0033894609996623945,0.1763218677776756,0.02626048689142926,0.29418322871960073,0.061733524159142496,0.9999892619702044,28.33361903205878,45.087504302206675,2.9583138654923125,3.0,2.334444513412783,8.911639265312148,0.12218726673523375,3.1215,0,0,0.0,1.0,0.0,0.0,0,394.30264027851365,3,0.0,3,0.0004187833770638241
172,domain,B,"[0, 0, -0.45]",0.0,decomposed-arc,0.002,{},7.999999999999341,True,,0.23167469045781766,0.012689939223606195,0.0032233693009389836,-95.68505613460998,0.028959336307229595,0.0015862424029509051,-0.20875240931308503,0.042439871705835186,0.27189480591818216,0.012689939223606195,0.010873657337708663,-0.0007192964020126258,0.0038601427957731527,0.0034050149008104007,0.16850157893405737,0.05320142063762505,0.33019952190653007,0.09613558679701005,0.9999864010901585,28.580020530311113,45.40236103397271,3.0176694663160415,1.696561573127513,0.8837757155605823,14.939938702280546,0.11620800133553198,3.146,0,0,0.0,1.0,0.0,0.0,0,451.9656271692597,3,0.0,3,-0.00018064675359868404
173,domain,N,"[0, 0, -0.45]",0.0,decomposed-arc,0.002,{},7.999999999999341,True,,0.23167469045781766,0.012689939223606195,0.0032233693009389836,-95.68505613460998,0.028959336307229595,0.0015862424029509051,-0.20875240931308503,0.042439871705835186,0.27189480591818216,0.012689939223606195,0.010873657337708663,-0.0007192964020126258,0.0038601427957731527,0.0034050149008104007,0.16850157893405737,0.05320142063762505,0.33019952190653007,0.09613558679701005,0.9999864010901585,28.580020530311113,45.40236103397271,3.0176694663160415,1.696561573127513,0.8837757155605823,14.939938702280546,0.11620800133553198,3.146,0,0,0.0,1.0,0.0,0.0,0,451.9656271692597,3,0.0,3,-0.00018064675359868404
174,domain,S,"[0, 0, -0.45]",0.0,decomposed-arc,0.002,{},7.999999999999341,True,,0.23167469045781766,0.012689939223606195,0.0032233693009389836,-95.68505613460998,0.028959336307229595,0.0015862424029509051,-0.20875240931308503,0.042439871705835186,0.27189480591818216,0.012689939223606195,0.010873657337708663,-0.0007192964020126258,0.0038601427957731527,0.0034050149008104007,0.16850157893405737,0.05320142063762505,0.33019952190653007,0.09613558679701005,0.9999864010901585,28.580020530311113,45.40236103397271,3.0176694663160415,1.696561573127513,0.8837757155605823,14.939938702280546,0.11620800133553198,3.146,0,0,0.0,1.0,0.0,0.0,0,451.9656271692597,3,0.0,3,-0.00018064675359868404
175,domain,B,"[0, 0, -0.45]",0.25,decomposed-arc,0.002,{},7.999999999999341,True,,0.22554888849857088,0.012177170119496194,0.0033233718524358987,-93.91866375408239,0.02819361106232368,0.0015221462649371495,-0.20489873894779131,0.04187518335765876,0.2767080079159718,0.012177170119496194,0.011837085756210647,-0.0008426510604652715,0.0038483344415276843,0.0033676135810775097,0.16819334209432796,0.05160409315453693,0.2803199047686708,0.09405173425844411,0.9999903668036102,28.32583904531963,45.217898043075984,3.0721917514157937,3.0,2.710314291310295,9.358252198742036,0.12032006838420589,3.11975,0,0,0.0,1.0,0.0,0.0,0,394.33170156109867,3,0.0,3,-0.0003724434532386279
176,domain,N,"[0, 0, -0.45]",0.25,decomposed-arc,0.002,{},7.999999999999341,True,,0.22554888849857088,0.012177170119496194,0.0033233718524358987,-93.91866375408239,0.02819361106232368,0.0015221462649371495,-0.20489873894779131,0.04187518335765876,0.2767080079159718,0.012177170119496194,0.011837085756210647,-0.0008426510604652715,0.0038483344415276843,0.0033676135810775097,0.16819334209432796,0.05160409315453693,0.2803199047686708,0.09405173425844411,0.9999903668036102,28.32583904531963,45.217898043075984,3.0721917514157937,3.0,2.710314291310295,9.358252198742036,0.12032006838420589,3.11975,0,0,0.0,1.0,0.0,0.0,0,394.33170156109867,3,0.0,3,-0.0003724434532386279
177,domain,S,"[0, 0, -0.45]",0.25,decomposed-arc,0.002,{},7.999999999999341,True,,0.22554888849857088,0.012177170119496194,0.0033233718524358987,-93.91866375408239,0.02819361106232368,0.0015221462649371495,-0.20489873894779131,0.04187518335765876,0.2767080079159718,0.012177170119496194,0.011837085756210647,-0.0008426510604652715,0.0038483344415276843,0.0033676135810775097,0.16819334209432796,0.05160409315453693,0.2803199047686708,0.09405173425844411,0.9999903668036102,28.32583904531963,45.217898043075984,3.0721917514157937,3.0,2.710314291310295,9.358252198742036,0.12032006838420589,3.11975,0,0,0.0,1.0,0.0,0.0,0,394.33170156109867,3,0.0,3,-0.0003724434532386279
178,domain,B,"[0, 0, -0.45]",0.5,decomposed-arc,0.002,{},7.999999999999341,True,,0.2271035337321421,0.007186452872442914,0.003649625421553576,-95.6343384019684,0.0283879417165201,0.0008983066090554383,-0.2086417603851173,0.04244315412060878,0.272076449532123,0.007186452872442914,0.012292152098052506,-0.0016624419805851276,0.003927089642897591,0.0034050116171080906,0.16986809344221968,0.05128493466776985,0.32308377583869713,0.09554759001502286,0.9999803637482281,28.605032104431647,45.435628424143296,3.084178243069445,1.6703587896663021,0.8827571880733426,8.61991900845813,0.1179302466623528,3.14275,0,0,0.0,1.0,0.0,0.0,0,435.3506117328095,3,0.0,3,-0.0005754474187945436
179,domain,N,"[0, 0, -0.45]",0.5,decomposed-arc,0.002,{},7.999999999999341,True,,0.2271035337321421,0.007186452872442914,0.003649625421553576,-95.6343384019684,0.0283879417165201,0.0008983066090554383,-0.2086417603851173,0.04244315412060878,0.272076449532123,0.007186452872442914,0.012292152098052506,-0.0016624419805851276,0.003927089642897591,0.0034050116171080906,0.16986809344221968,0.05128493466776985,0.32308377583869713,0.09554759001502286,0.9999803637482281,28.605032104431647,45.435628424143296,3.084178243069445,1.6703587896663021,0.8827571880733426,8.61991900845813,0.1179302466623528,3.14275,0,0,0.0,1.0,0.0,0.0,0,435.3506117328095,3,0.0,3,-0.0005754474187945436
180,domain,S,"[0, 0, -0.45]",0.5,decomposed-arc,0.002,{},7.999999999999341,True,,0.2271035337321421,0.007186452872442914,0.003649625421553576,-95.6343384019684,0.0283879417165201,0.0008983066090554383,-0.2086417603851173,0.04244315412060878,0.272076449532123,0.007186452872442914,0.012292152098052506,-0.0016624419805851276,0.003927089642897591,0.0034050116171080906,0.16986809344221968,0.05128493466776985,0.32308377583869713,0.09554759001502286,0.9999803637482281,28.605032104431647,45.435628424143296,3.084178243069445,1.6703587896663021,0.8827571880733426,8.61991900845813,0.1179302466623528,3.14275,0,0,0.0,1.0,0.0,0.0,0,435.3506117328095,3,0.0,3,-0.0005754474187945436
181,domain,B,"[0, 0, -0.45]",0.75,decomposed-arc,0.002,{},7.999999999999341,True,,0.22495446127385388,0.010354935931657549,0.002891152369560242,-93.96423123353345,0.028119307659234052,0.0012943669914573003,-0.20499815176632333,0.042744565467130013,0.2768730205603661,0.010354935931657549,0.014494734043213565,-0.0015285396655368988,0.0037898046186515544,0.003386288409499754,0.16774259481854445,0.05200884812783132,0.28056081252565884,0.09282798385538404,0.9999893672168054,28.49586600789065,44.776363457050785,3.100029874054946,2.0386000784231753,1.2529264567694105,9.349265004362458,0.1203139563359678,3.1165,0,0,0.0,1.0,0.0,0.0,0,394.35607077833055,3,0.0,3,-0.0005477544971767768
182,domain,N,"[0, 0, -0.45]",0.75,decomposed-arc,0.002,{},7.999999999999341,True,,0.22495446127385388,0.010354935931657549,0.002891152369560242,-93.96423123353345,0.028119307659234052,0.0012943669914573003,-0.20499815176632333,0.042744565467130013,0.2768730205603661,0.010354935931657549,0.014494734043213565,-0.0015285396655368988,0.0037898046186515544,0.003386288409499754,0.16774259481854445,0.05200884812783132,0.28056081252565884,0.09282798385538404,0.9999893672168054,28.49586600789065,44.776363457050785,3.100029874054946,2.0386000784231753,1.2529264567694105,9.349265004362458,0.1203139563359678,3.1165,0,0,0.0,1.0,0.0,0.0,0,394.35607077833055,3,0.0,3,-0.0005477544971767768
183,domain,S,"[0, 0, -0.45]",0.75,decomposed-arc,0.002,{},7.999999999999341,True,,0.22495446127385388,0.010354935931657549,0.002891152369560242,-93.96423123353345,0.028119307659234052,0.0012943669914573003,-0.20499815176632333,0.042744565467130013,0.2768730205603661,0.010354935931657549,0.014494734043213565,-0.0015285396655368988,0.0037898046186515544,0.003386288409499754,0.16774259481854445,0.05200884812783132,0.28056081252565884,0.09282798385538404,0.9999893672168054,28.49586600789065,44.776363457050785,3.100029874054946,2.0386000784231753,1.2529264567694105,9.349265004362458,0.1203139563359678,3.1165,0,0,0.0,1.0,0.0,0.0,0,394.35607077833055,3,0.0,3,-0.0005477544971767768
184,domain,B,"[0.18, 0, 0.35]",0.0,decomposed-arc,0.002,{},7.999999999999341,True,,0.6724006561585876,0.3072579392822117,0.004748727298752982,87.27686850230243,0.08405008201983037,0.038407242410279624,0.19040858952442938,0.09806303955076429,0.18728368439781792,0.3072579392822117,1.4083144039043782e-05,-0.00010528294662928706,0.0063208896672741766,0.004526340419496622,0.19615599808173212,0.37236240217531175,0.6681962835448663,0.9116182714004649,0.9998394914266462,42.32062956755209,65.85162591614773,1.4024369134295356,3.0,2.237631969370321,23.071020627179482,0.22592318618692186,3.1185,0,0,0.0,1.0,395.3027987927955,42.44776803611154,0,654.4281425791794,2,0.0485,3,0.08110864970939465
185,domain,N,"[0.18, 0, 0.35]",0.0,decomposed-arc,0.002,{},7.999999999999341,True,,0.6063237324884773,0.18015534961953814,0.003948685722755653,71.81956128147675,0.0757904665610659,0.022519418702444123,0.15668597646246382,0.11175436698055677,0.2128880844741954,0.18015534961953814,9.780150302547863e-05,-0.00030009295830865645,0.006015304065641047,0.004628860774525574,0.26264672889257845,0.2840538097606348,0.40201699406569497,0.48396280217603177,0.9999440459497855,40.144988266803274,61.91573926303179,1.554868864864435,2.5,1.1260991323184566,13.411473576706983,0.207945147525045,3.04775,0,0,0.0,1.0,0.0,0.0,0,736.0839308480834,2,0.075,3,0.0764518135647194
186,domain,S,"[0.18, 0, 0.35]",0.0,decomposed-arc,0.002,{},0.46000000000000035,False,ik-target-rejected,0.048291092683449346,-0.029882094227799794,0.009196217470899727,6.654243747028152,0.10498063626836807,-0.06496107440826038,0.2524749187301865,0.12974387547368213,0.17411103581388224,0.029882094227799794,1.3018533556814061e-05,0.0,0.009246071456460947,0.005126041522106627,0.6389351648289967,0.7069148246234918,0.9591217712334795,1.2589750285033448,0.9997176787172514,2.2091765847467406,6.62793438533135,0.9530285202548991,2.5,1.1728742201134248,12.10627327287567,0.023872346089906953,4.265217391304348,0,1,0.0,0.40960000000000013,103.09092438742056,31.95457216648551,0,499.44813721094334,2,0.02608695652173913,3,0.1182114854597051
187,domain,B,"[0.18, 0, 0.35]",0.25,decomposed-arc,0.002,{},7.999999999999341,True,,0.670973878628482,0.30738682297256886,0.003686792784482709,87.39905561591058,0.08387173482856716,0.03842335287157427,0.19067516045392574,0.09886620676859445,0.18640347210125405,0.30738682297256886,5.897882918375388e-05,-0.0006038658076589765,0.005973017818559662,0.00446229081792867,0.17922124738968445,0.3571724002073007,0.5872504166627451,0.7544786956113975,0.9998898676882897,41.89414942941471,64.16493161642978,1.3906437518044876,2.688745907729035,1.5412589149762548,15.309512534887672,0.23048890131566552,3.0465,0,0,0.0,1.0,302.73726334141975,32.67064109952889,0,935.792942437385,2,0.0805,3,0.08080342622300248
188,domain,N,"[0.18, 0, 0.35]",0.25,decomposed-arc,0.002,{},7.999999999999341,True,,0.6087861898514091,0.16982072828117944,0.004330784446137302,71.87743876158423,0.07609827373143241,0.02122759103514918,0.15681224553629294,0.11276559011363604,0.21338451937745934,0.16982072828117944,0.00012743779452582728,-0.0006823643157631842,0.0059694281216598755,0.004620106497890893,0.26099868926670894,0.27644734769645773,0.3805455335494999,0.4805561174994697,0.9999475075734563,39.718125785761586,60.84947564165794,1.5395383420224382,3.0,2.230327269181424,11.404301604600473,0.21393908786325574,2.99875,0,0,0.0,1.0,0.0,0.0,0,632.5749261171452,2,0.102,3,0.0765404427974052
189,domain,S,"[0.18, 0, 0.35]",0.25,decomposed-arc,0.002,{},7.999999999999341,True,,0.9399079898825027,0.5832655623056527,0.007185822956674205,95.21558578281605,0.11748849873532251,0.0729081952882126,0.20772818389067244,0.11325906016295488,0.21513328359518957,0.5832655623056527,0.029970456722163856,-0.0006065615618701115,0.014355033325259586,0.007585147044037489,0.42053959177289,0.6457269532005427,0.9919271090817954,1.4660082547830058,0.9996070006017164,74.16758895491832,115.58139839023688,1.6425859697750669,4.1,2.1221443418685024,25.620644986023972,0.474026357002906,2.84875,0,0,0.0,0.40960000000000013,302.73726334141975,32.67064109952889,0,1525.8030284865583,2,0.25925,3,0.11205689416609423
190,domain,B,"[0.18, 0, 0.35]",0.5,decomposed-arc,0.002,{},7.999999999999341,True,,0.65524966369925,0.31110130027724225,0.004701058300719751,89.66810533223745,0.08190620796241299,0.03888766253465849,0.19562545900909453,0.10584279834620003,0.18195288754670538,0.31110130027724225,0.008202215216209216,0.0,0.013449591333860866,0.00482408273731792,0.24463290436340396,0.4418052805951427,0.9478523745480302,1.695825829013595,0.9994341989586268,41.43019713660986,64.68074226663218,1.3992850147428801,3.15687547621758,1.3923624063956856,19.713787262994884,0.2245114818327862,3.096,0,0,0.0,0.6400000000000001,458.9838063926864,50.28306380287967,0,1063.9152323119504,2,0.071,3,0.07818931362961408
191,domain,N,"[0.18, 0, 0.35]",0.5,decomposed-arc,0.002,{},7.999999999999341,True,,0.6076541879738372,0.18485968146400492,0.0051850410048444396,73.43649141897295,0.07595677349673591,0.02310746018300252,0.16021357079671827,0.11129249093705242,0.208897811352063,0.18485968146400492,9.173107879317093e-05,-0.0012278205505623085,0.006005180991485004,0.0046874215523668925,0.2673845953314414,0.292276725135889,0.41068299803027186,0.5373476257013922,0.9999374400630323,40.01326679310487,61.75998065377117,1.5433531650779482,2.7272801357032828,1.6886401633139267,17.9479691403276,0.20504085405836292,3.04125,0,0,0.0,1.0,0.0,0.0,0,658.0135262502395,2,0.09525,3,0.07603889822941824
192,domain,S,"[0.18, 0, 0.35]",0.5,decomposed-arc,0.002,{},0.46000000000000035,False,ik-target-rejected,0.03903810547639609,0.000142557255176122,0.005696020058172459,3.5617164789056717,0.08486544668781752,0.0003099070764698302,0.13513843386835453,0.11021935576954245,0.23465762961430828,0.000142557255176122,1.3018533556814061e-05,0.0,0.005720789282161409,0.003401679588015173,0.35069732042867435,0.4820930312118485,0.7265290597382196,0.854798752524726,0.9998082186385525,1.762258028506586,5.745072059185889,1.1059006665927071,2.5,1.3299085114101097,16.109023301496126,0.01845594113541899,4.804347826086956,0,1,0.0,0.40960000000000013,103.09092438742064,18.824989051907078,0,400.12943638320877,2,0.008695652173913044,3,0.09114240368887912
193,domain,B,"[0.18, 0, 0.35]",0.75,decomposed-arc,0.002,{},7.999999999999341,True,,0.6698525338859461,0.2846226602944658,0.0036582975267198553,87.2616309151794,0.08373156673575016,0.035577832536811155,0.19037534626625982,0.1042348169437397,0.18766406559041984,0.2846226602944658,0.003251507362957532,-0.0004885113747013781,0.00994358986987609,0.004395584497280743,0.18942800847469332,0.3923082665696682,0.9330175125529792,1.3007850939360541,0.9996110202727778,42.317889835072535,64.42100486251923,1.4244334172592616,2.771938986848083,1.5330396230805041,14.512524418008557,0.22548529174175705,3.07475,0,0,0.0,1.0,443.43070565827423,47.85392216726876,0,981.1874034147265,2,0.0495,3,0.0807675258655712
194,domain,N,"[0.18, 0, 0.35]",0.75,decomposed-arc,0.002,{},7.999999999999341,True,,0.6033326245465915,0.16968121856159776,0.0034036973246890363,71.87392589460215,0.07541657806833016,0.02121015232020147,0.15680458164941521,0.11257106305084022,0.21299978813110731,0.16968121856159776,4.5223026432925575e-05,-0.0015431586231023642,0.0058400695729558805,0.00466917995409707,0.26585366302696256,0.2810563467991598,0.3843037851326331,0.4954332213093074,0.9999415963901332,39.83312040149625,60.88566482400487,1.5570255898310599,2.513923515928028,1.5517694604799068,17.38130647629441,0.21706234410693193,3.0185,0,0,0.0,1.0,0.0,0.0,0,594.8263108380118,2,0.09325,3,0.07602903601149165
195,domain,S,"[0.18, 0, 0.35]",0.75,decomposed-arc,0.002,{},0.46000000000000035,False,ik-target-rejected,0.049252998668139675,-0.0075303991392029965,0.007595663309814805,4.91351584640194,0.10707173623508617,-0.01637043291131085,0.18642832471441254,0.10953138290536893,0.2221838688480311,0.0075303991392029965,3.0352908541451887e-05,-0.0004821042634552686,0.007631842346518702,0.004102019998082166,0.4333004887879905,0.5344879336784736,0.7033439631483318,1.0043824134556392,0.9997876175749374,2.278985867284393,6.315755754452224,1.1205457356373059,2.699215309182257,1.5578034704452237,15.310082602305323,0.022163291744479036,4.143478260869565,0,1,0.0,0.40960000000000013,103.09092438742056,24.524167070338155,0,922.2494999515319,2,0.017391304347826087,3,0.11669918444273282
196,stress,B,"[0.45, 0, 0]",0.0,decomposed-arc,0.002,{'mass_scale': 1.2},7.999999999999341,True,,2.1467899664398256,0.2183155440141252,0.007316469385223672,9.750101572813874,0.2683487458050003,0.0272894430017679,0.02127142185618672,0.20615764901572892,0.15401188499286173,0.2183155440141252,0.0008598363812867754,0.0,0.013067458954181599,0.0079293748500396,0.32421349992921233,0.6113189880027428,1.3602428798060016,1.394598841320554,0.9996713368309311,100.27182471437833,150.95631704009259,0.9486635975087165,3.0,2.5374114104064907,28.14278201548073,0.5159943372004319,3.18975,0,0,0.33166666666666517,0.5120000000000001,536.4108000000009,57.6,0,1186.7313152428935,2,0.03325,3,0.26976578554179587
197,stress,N,"[0.45, 0, 0]",0.0,decomposed-arc,0.002,{'mass_scale': 1.2},7.999999999999341,True,,0.9438559133283023,0.004662071593492166,0.00827302397538973,-2.534812907535824,0.1179819891660475,0.0005827589491865688,-0.005530103894819294,0.3364925745736757,0.081701110326399,0.004662071593492166,3.436125014755983e-06,0.0,0.011093793397244145,0.008842722434156017,0.45492896149488893,0.6146711542501871,0.7063197215173265,0.8757008763479538,0.9998120080960247,56.724383436356945,93.598843675191,1.226918711927873,3.5843539956012123,2.560995323993667,20.595640512081157,0.28668579639570846,2.95375,0,0,0.98,0.40960000000000013,0.0,0.0,0,1763.1516853162723,2,0.2015,3,0.1170446146918361
198,stress,S,"[0.45, 0, 0]",0.0,decomposed-arc,0.002,{'mass_scale': 1.2},0.3000000000000002,False,ik-target-rejected,0.04649581562417767,-0.017894249671183648,0.007863736740355566,2.211387633772125,0.15498605208059213,-0.05964749890394545,0.12865331749070036,0.3219793106290921,0.17191906622539305,0.017894249671183648,3.436125014755983e-06,0.0,0.007872266792518928,0.0033185989422191966,0.6496405927651538,0.46299615151760076,0.9595983856363913,0.9877341549232731,0.9997686555126706,2.2027636884061,6.62742915016426,0.9026478137193543,2.5,1.1846677931698393,13.702042782119806,0.01804021361243895,4.346666666666667,0,1,0.4666666666666667,0.40960000000000013,175.2991846826303,30.625865234054224,0,499.960142053159,2,0.04,3,0.155878536021604
199,stress,B,"[0.45, 0, 0]",0.25,decomposed-arc,0.002,{'mass_scale': 1.2},7.999999999999341,True,,2.145648919326423,0.3058392912774712,0.006412569269304686,14.087249452581025,0.26820611491582497,0.038229911409687053,0.030733610687165992,0.2040130184283195,0.1563637240630695,0.3058392912774712,3.367460254428188e-06,-0.0007466221208193013,0.01026740974242396,0.0078305405837424,0.3260914793630083,0.567397086927291,1.050038171712043,1.2128516868443608,0.9997219392786572,98.79675160508422,147.87764091531852,0.9306220759716662,3.520129989211665,3.037007834562272,29.789604991041426,0.5272070961002775,3.07425,0,0,0.326666666666665,1.0,533.7411750000023,57.6,0,1291.8548079977988,2,0.09675,3,0.27061830695551736
200,stress,N,"[0.45, 0, 0]",0.25,decomposed-arc,0.002,{'mass_scale': 1.2},7.999999999999341,True,,0.9569794852894883,-0.00412576182055652,0.007465030379887875,-1.9811614329441405,0.11962243566119589,-0.0005157202275696075,-0.00432222375230087,0.3355101263452046,0.09025079806058488,0.00412576182055652,0.0004003394834563355,-0.0007901310762102598,0.01425158217615588,0.008863817978219475,0.45348861818740327,0.6018537770325052,0.7366282561706077,1.211946985554802,0.9997555768683845,59.24584567889954,98.65955759777363,1.2638869913847675,4.1,1.9839653546133913,25.807765673774117,0.2971829287059378,3.002,0,0,0.98,0.40960000000000013,0.0,0.0,0,1562.422807131513,2,0.17075,3,0.11906665538023056
201,stress,S,"[0.45, 0, 0]",0.25,decomposed-arc,0.002,{'mass_scale': 1.2},0.3000000000000002,False,ik-target-rejected,0.04329025431608861,-0.019942878306551913,0.0086197467429427,3.272719281597343,0.14430084772029525,-0.06647626102183966,0.19039908985792356,0.33104571635011304,0.23566964528357262,0.019942878306551913,6.627724231528589e-06,-0.0007391706468706238,0.008626925451553441,0.004714470060643715,0.6092642996647751,0.791248493100807,0.8983827322597869,1.5384325652322837,0.999527663605879,3.104356516284157,8.334680709802809,1.3296794003865542,3.538183085479109,1.8404157529366805,12.644471979355432,0.024451262661615552,4.033333333333333,0,1,0.4666666666666667,0.40960000000000013,175.2991846826303,32.963922291378964,0,1301.5996828554812,3,0.0,3,0.144575071936709
202,stress,B,"[0.45, 0, 0]",0.5,decomposed-arc,0.002,{'mass_scale': 1.2},7.999999999999341,True,,2.171834940652257,-0.043089233507095315,0.008729476213770009,1.0822951901039288,0.2714793675815545,-0.005386154188387358,0.002361201818226633,0.20713343189717004,0.1507098927819429,0.043089233507095315,0.002602381138739674,0.0,0.015784795052285194,0.008098809429903752,0.3438673067214215,0.6056816242325371,1.4265932717980006,1.4342805007499786,0.9996211925698452,99.51363117603378,150.04897322018584,0.9352491121896104,3.49216373005915,1.6099464136955095,24.248675604971233,0.511983151624908,3.1615,0,0,0.33166666666666517,0.5120000000000001,536.4108000000006,57.6,0,1405.5168009728134,2,0.05775,3,0.2713501542628711
203,stress,N,"[0.45, 0, 0]",0.5,decomposed-arc,0.002,{'mass_scale': 1.2},7.999999999999341,True,,0.9106566711879183,0.006151608747884371,0.010364316102874204,6.865999859706385,0.11383208389849916,0.0007689510934856097,0.014979287999169378,0.3432767489475332,0.08685165151009014,0.006151608747884371,0.00027025501788828044,-0.0005042446717497262,0.01290468438554035,0.009331234094319357,0.47995994178930923,0.6771596258059133,0.7252444465140542,1.0359891877455998,0.9997728694552643,59.203521345559494,97.5686995005686,1.3272109664592715,3.0,2.989686197780218,25.793247601732485,0.29822401399094123,2.96525,0,0,0.98,0.40960000000000013,0.0,0.0,0,1060.3725718860658,2,0.13425,3,0.11478472012193279
204,stress,S,"[0.45, 0, 0]",0.5,decomposed-arc,0.002,{'mass_scale': 1.2},0.32000000000000023,False,ik-target-rejected,0.06079985717360946,0.018783622670286965,0.012001105644273024,-2.150924144276406,0.18999955366752944,0.05869882084464672,-0.11731471336957752,0.29947508463528383,0.1646616775917128,0.018783622670286965,3.436125014755983e-06,0.0,0.012022067756207233,0.006026095781323546,0.665632828283492,0.5914244599870986,0.9787445304307271,1.2799800181443721,0.9996641062165001,2.5807043789194024,7.61403806780573,0.8279372030459397,2.5,1.1838716739500765,13.977314590689877,0.021056290662249386,4.36875,0,1,0.5,0.40960000000000013,179.3019791743152,34.2119073254148,0,559.5381757369694,3,0.0,3,0.1647562234791817
205,stress,B,"[0.45, 0, 0]",0.75,decomposed-arc,0.002,{'mass_scale': 1.2},7.999999999999341,True,,2.1863042561719555,-0.10826696939260565,0.0052499304725983145,-1.687240397754023,0.27328803202151697,-0.013533371174076821,-0.003680987526683608,0.2032114386890623,0.15526442889864678,0.10826696939260565,6.484862075869035e-05,-0.0006452695977823553,0.013289578438500455,0.007962819024533095,0.3403016483005835,0.5677555493867728,1.0432336044945878,1.195314275059548,0.9997152136611354,98.45478469089052,147.3385438576385,0.9182297859808525,4.1,3.1775079790404512,28.71125775901648,0.5196378244839536,3.12775,0,0,0.326666666666665,1.0,533.7411750000042,57.6,0,1274.8700679089864,2,0.04975,3,0.272897732224942
206,stress,N,"[0.45, 0, 0]",0.75,decomposed-arc,0.002,{'mass_scale': 1.2},7.999999999999341,True,,0.9722657280480095,-0.03524840222958523,0.009167672473523267,1.8718942522260331,0.12153321600601119,-0.004406050278698516,0.00408383974381302,0.33454519590066506,0.09107973058933085,0.03524840222958523,0.0023441807505748813,-0.001698732943031217,0.013337950361696438,0.009282353874030133,0.4710705821640889,0.633158841598138,0.7019053311944277,0.9428101970353224,0.9998184704060488,62.778123210097085,102.00939126069466,1.3173316822389598,3.620415181969041,1.8362790479115605,22.89452657837302,0.30122460139866036,2.834,0,0,0.98,0.40960000000000013,0.0,0.0,0,1139.5479216975345,2,0.21525,3,0.12168661607312486
207,stress,S,"[0.45, 0, 0]",0.75,decomposed-arc,0.002,{'mass_scale': 1.2},0.32000000000000023,False,ik-target-rejected,0.06008862239307783,0.01981576015412217,0.012660728303153878,-3.454414188406288,0.18777694497836808,0.06192425048163174,-0.18840906661030443,0.2983708679814632,0.22927575171973122,0.01981576015412217,8.383751166796607e-06,-0.0006398447493327908,0.012681736222184326,0.007381990988120057,0.6732272305591381,0.8853701139005743,0.9790007451100126,1.6459798567924229,0.9994475037271733,3.525943525097313,9.278786327050758,1.1376873120102344,3.5011039570630027,1.8391469659203026,16.57332763850594,0.02687577726537653,4.05625,0,1,0.5,0.40960000000000013,179.3019791743152,36.54996457419709,0,1284.8118482082712,3,0.0,3,0.15157073232704865
208,stress,B,"[0.45, 0, 0]",0.0,decomposed-arc,0.002,{'friction_scale': 0.5},7.999999999999341,True,,2.5116170448273976,0.10327060249964772,0.0033827211244651057,3.994183407456338,0.31395213060345056,0.012908825312457028,0.008713956423580634,0.1613261976544275,0.087430688717125,0.10327060249964772,2.073041616043791e-06,0.0,0.006218467686143703,0.0032304302297625335,0.1734567296597123,0.48593612126367514,0.4393305062700734,1.0544974723878624,0.9998197865479355,89.0420433492582,117.3243533242732,0.8677870061095352,3.0,2.504813204962763,37.11249456224384,0.6493070523582309,3.02475,0,0,0.33166666666666517,0.5120000000000001,536.4108000000009,57.6,0,1186.7313152428935,1,0.07325,3,0.3144420745540979
209,stress,N,"[0.45, 0, 0]",0.0,decomposed-arc,0.002,{'friction_scale': 0.5},7.999999999999341,True,,1.0490392676976585,0.0021082321216076426,0.004655623945630893,-2.184920436222393,0.13112990846221811,0.000263529015200977,-0.0047667569382743346,0.3235928110807398,0.08964556185494353,0.0021082321216076426,2.073041616043791e-06,-7.274843051713331e-06,0.007043811212061962,0.005019960319038098,0.43767713577285844,0.5529071597826174,0.6309095581933398,0.7875600519043966,0.9998442016074627,54.5070137911079,80.47833859050337,1.27291093797182,3.754569099535679,2.5332361075694774,29.269004871916817,0.37118139843941944,3.02725,0,0,0.98,0.40960000000000013,0.0,0.0,0,1763.1516853162723,2,0.136,3,0.13031394594868825
210,stress,S,"[0.45, 0, 0]",0.0,decomposed-arc,0.002,{'friction_scale': 0.5},0.3000000000000002,False,ik-target-rejected,0.043099127128284564,-0.013611483483161668,0.0054456329157653695,2.3364070616894645,0.14366375709428178,-0.04537161161053886,0.135926652977758,0.3253526444564617,0.18741239498202836,0.013611483483161668,2.073041616043791e-06,0.0,0.0054423470993164025,0.002503260935425906,0.4045390218851015,0.3553491911819837,0.6110148725133147,0.6351620996122798,0.9998949305815916,1.4931445435472106,3.078545529222595,0.8093314331495552,2.5,1.1624957464422583,21.568444272244296,0.022532423990324346,3.7533333333333334,0,1,0.4666666666666667,0.40960000000000013,175.2991846826303,30.625865234054224,0,499.960142053159,2,0.17333333333333334,3,0.14922203791115168
211,stress,B,"[0.45, 0, 0]",0.25,decomposed-arc,0.002,{'friction_scale': 0.5},7.999999999999341,True,,2.5171065996005515,0.1999708510750062,0.0016976047817545263,8.344673802824094,0.31463832495009486,0.024996356384377836,0.018205254108026064,0.1598743328622301,0.09591618077510716,0.1999708510750062,4.385905837459907e-06,-0.0006544217566300803,0.00422583604685664,0.003083549115348813,0.1679860519635756,0.46494191778832256,0.40391062824539953,0.8047893306241669,0.9998945899931271,88.45669469682673,118.24129257839381,0.8582249569689371,3.066630901647467,3.105404997369563,24.738577093179686,0.6784332572394542,2.96775,0,0,0.326666666666665,1.0,533.7411750000023,57.6,0,1291.8548079977988,1,0.09175,3,0.31620362053176315
212,stress,N,"[0.45, 0, 0]",0.25,decomposed-arc,0.002,{'friction_scale': 0.5},7.999999999999341,True,,1.0721649123578774,-0.008665771918104755,0.003313177945909493,-2.0188337327246155,0.13402061404474572,-0.0010832214897631837,-0.00440441196079683,0.3214141921524367,0.09484666523804028,0.008665771918104755,0.000603546630164844,-0.0005172222698490714,0.01013567574129906,0.00499854305117891,0.4421360894113204,0.5391404170583891,0.6887072789940026,1.0631728850647566,0.9997640101606877,57.28513675860394,86.45837110593398,1.3088938575354159,4.1,1.9942375453894698,26.333099753811887,0.38447623537852316,2.96425,0,0,0.98,0.40960000000000013,0.0,0.0,0,1562.422807131513,2,0.16175,3,0.13350431581180802
213,stress,S,"[0.45, 0, 0]",0.25,decomposed-arc,0.002,{'friction_scale': 0.5},0.3000000000000002,False,ik-target-rejected,0.044602671373662736,-0.010877615878652682,0.00522528421340867,2.2478768874956794,0.14867557124554234,-0.036258719595508915,0.1307761762209391,0.32026596385528955,0.16668551858520722,0.010877615878652682,7.758160917315498e-06,-0.000641542814748125,0.005222954190765988,0.002830948891365295,0.4118375488649146,0.5103800362449817,0.7384468360044657,1.05284125329915,0.9997531353183492,2.2372539527390685,4.552277437064761,1.1938423808761447,3.1544203843283345,1.828629369861279,22.108396745750824,0.026890752589681915,3.3933333333333335,0,1,0.4666666666666667,0.40960000000000013,175.2991846826303,32.963922291378964,0,1301.5996828554812,2,0.03333333333333333,3,0.14899166966068528
214,stress,B,"[0.45, 0, 0]",0.5,decomposed-arc,0.002,{'friction_scale': 0.5},7.999999999999341,True,,2.5385216640031327,-0.019526827425818887,0.0037958972601908614,-0.294870577431829,0.31731520800041774,-0.002440853428227562,-0.0006433078054303407,0.159907063775988,0.08236924473493616,0.019526827425818887,2.073041616043791e-06,0.0,0.007042819656743332,0.0032477335195378234,0.16790115650369664,0.48252788527514834,0.40164220646120036,1.050198798800397,0.9998143006987923,88.53393627797503,117.07485237647496,0.8543863518924611,2.8871756132616815,1.7718574835041188,33.16733151371948,0.6654189724453965,3.03325,0,0,0.33166666666666517,0.5120000000000001,536.4108000000006,57.6,0,1405.5168009728134,1,0.067,3,0.3169704358008824
215,stress,N,"[0.45, 0, 0]",0.5,decomposed-arc,0.002,{'friction_scale': 0.5},7.999999999999341,True,,1.0487409395021994,0.0068145917996599095,0.006588394388207412,3.1263437289295486,0.13109261743778572,0.0008518239749575588,0.006820623952362777,0.3251922540107085,0.08474618884005802,0.0068145917996599095,2.073041616043791e-06,-0.00035886166602974723,0.008765247900956119,0.005292661475670671,0.4637747953321497,0.6074816838403243,0.6794481799983724,0.8984978969730104,0.9998141773788352,55.89099824147903,81.95223859329506,1.305577711114132,3.0,3.0424388665677737,26.64631662528654,0.3991663196713317,2.92225,0,0,0.98,0.40960000000000013,0.0,0.0,0,1060.3725718860658,2,0.14675,3,0.1313880546265458
216,stress,S,"[0.45, 0, 0]",0.5,decomposed-arc,0.002,{'friction_scale': 0.5},0.32000000000000023,False,ik-target-rejected,0.05728904862443221,0.013941490862177087,0.008411817182319582,-2.0051049731124664,0.17902827695135054,0.043567158944303366,-0.10936151134039027,0.30070638728161114,0.15380638135656077,0.013941490862177087,2.073041616043791e-06,0.0,0.008418135878323102,0.004153681021043222,0.3676935748839765,0.4295977997241543,0.5762186056620934,0.8117954802276831,0.9998468441871698,1.7280666897119887,3.4897089882171923,0.7180155714893833,2.5,1.1624976227804193,24.38467234903143,0.026906034080194017,3.79375,0,1,0.5,0.40960000000000013,179.3019791743152,34.2119073254148,0,559.5381757369694,2,0.10625,3,0.15966970500858416
217,stress,B,"[0.45, 0, 0]",0.75,decomposed-arc,0.002,{'friction_scale': 0.5},7.999999999999341,True,,2.5374488028996693,-0.04784116646510931,0.0013784779664183372,-2.018351424053771,0.3171811003624848,-0.005980145808139156,-0.004403359726507185,0.159378426892223,0.08476209100792238,0.04784116646510931,2.5517643696004834e-05,-0.0006555629960853238,0.004239510729310697,0.0030607137025012152,0.1634377539928617,0.45582100685286536,0.3641572489562074,0.7808821815555654,0.9998910300145781,87.79405967929985,117.14070786187804,0.8474789453223553,4.1,3.2076908158828394,25.43657106474106,0.6708764698239983,2.98125,0,0,0.326666666666665,1.0,533.7411750000042,57.6,0,1274.8700679089864,1,0.0895,3,0.3167333698563433
218,stress,N,"[0.45, 0, 0]",0.75,decomposed-arc,0.002,{'friction_scale': 0.5},7.999999999999341,True,,1.1063250186500289,0.020232516932950327,0.004890009546306292,3.2304008029652844,0.138290627331265,0.002529064616618999,0.0070476412713521815,0.31761875346932344,0.09577304048986326,0.020232516932950327,3.6762462929197286e-05,-0.0010579958601019124,0.00941119754516928,0.005476601902158763,0.456565474371816,0.576435532936085,0.6770670148952103,0.9024311109544111,0.9998300891896413,60.558870006686995,88.90101212179604,1.340789705313168,3.270663618784203,1.8302431935545866,31.280522653996286,0.4093367432303,2.83,0,0,0.98,0.40960000000000013,0.0,0.0,0,1139.5479216975345,2,0.19525,3,0.13874354852454188
219,stress,S,"[0.45, 0, 0]",0.75,decomposed-arc,0.002,{'friction_scale': 0.5},0.32000000000000023,False,ik-target-rejected,0.05605381097251968,0.010581949803837408,0.008625007007050095,-1.7600013835097912,0.17516815928912388,0.033068593136991876,-0.09599318431844146,0.30005148376824187,0.1302317650384035,0.010581949803837408,1.9706080094219723e-05,-0.0006484885894865178,0.00863016900426522,0.00490895953327316,0.4742503140557365,0.6242921375737982,0.852882874470506,1.1832549320590577,0.9996713531438755,2.5231586348962294,5.050137351557782,1.0836113363478508,3.1300991762163624,1.8306421992232986,21.940464068630526,0.030496736841391463,3.35625,0,1,0.5,0.40960000000000013,179.3019791743152,36.54996457419709,0,1284.8118482082712,2,0.075,3,0.1530833820798895
220,stress,B,"[0.45, 0, 0]",0.0,decomposed-arc,0.002,{'actuator_strength_scale': 0.8},7.999999999999341,True,,2.329416701132482,0.09248457248176192,0.004051550732761351,5.128361101193005,0.29117708764158423,0.011560571560221193,0.011188348305878426,0.19094030580801147,0.10453981579187996,0.09248457248176192,0.00011046101570858652,0.0,0.008218618588091947,0.0043117279450749,0.24026251353119663,0.5543279401162035,1.16604532512604,1.0833022953837805,0.9997672567367966,101.75982292181668,106.47828929327066,1.0693635693263286,2.8856566027364954,2.4985992261891194,24.16807424232137,0.4867939427759404,3.1555,0,0,0.33166666666666517,0.5120000000000001,536.4108000000009,57.6,0,1186.7313152428935,2,0.02575,3,0.29183435659889995
221,stress,N,"[0.45, 0, 0]",0.0,decomposed-arc,0.002,{'actuator_strength_scale': 0.8},7.999999999999341,True,,1.0364453820770592,0.0005565727201809912,0.005320310915412591,-2.542303896289639,0.12955567275964308,6.957159002262963e-05,-0.0055464466970672885,0.3270393694062085,0.082030814942925,0.0005565727201809912,2.6207342164463044e-07,0.0,0.007752909136731767,0.005586851817024127,0.41793385005875283,0.5973639202073935,0.6232662286058679,0.8476487984641639,0.9998392512157239,59.56052338027443,66.41416544965142,1.4078301856563162,3.28,2.5354342953211364,16.675254370225314,0.26453945348457025,2.956,0,0,0.98,0.40960000000000013,0.0,0.0,0,1763.1516853162723,2,0.19575,3,0.12863665799211033
222,stress,S,"[0.45, 0, 0]",0.0,decomposed-arc,0.002,{'actuator_strength_scale': 0.8},0.3000000000000002,False,ik-target-rejected,0.0492334349551007,-0.015547986328288224,0.006588568115647622,3.3579513712039715,0.16411144985033554,-0.05182662109429405,0.1953576918312252,0.3123573782557071,0.2472121342169507,0.015547986328288224,2.6207342164463044e-07,0.0,0.006596529914678073,0.002987415601343527,0.47361180604865805,0.3388195094872566,0.6826355542912174,0.6631132190628308,0.9998817881354976,1.9496790121183574,3.4985733293374692,0.9251200514577405,2.009892693980455,1.1883204282762663,13.829863543465608,0.01731324650958195,3.8266666666666667,0,1,0.4666666666666667,0.40960000000000013,175.2991846826303,30.625865234054224,0,499.960142053159,2,0.13333333333333333,3,0.17477827846910263
223,stress,B,"[0.45, 0, 0]",0.25,decomposed-arc,0.002,{'actuator_strength_scale': 0.8},7.999999999999341,True,,2.339580006470152,0.24129778545518527,0.002628487893563962,10.186154598632156,0.2924475008087931,0.030162223181900642,0.022222741982913408,0.18691246758879587,0.10865623072053804,0.24129778545518527,2.6207342164463044e-07,-0.0005989469622975363,0.005664736454744579,0.004205520970216459,0.23750173461758667,0.5298447134155322,0.659404164079933,0.9410327812832777,0.9998150415580348,100.39541189413745,105.93508921417147,1.0457227511234082,3.28,3.0382652128849617,21.854736694911562,0.5068670991045027,3.09775,0,0,0.326666666666665,1.0,533.7411750000023,57.6,0,1291.8548079977988,2,0.05,3,0.2942979680539329
224,stress,N,"[0.45, 0, 0]",0.25,decomposed-arc,0.002,{'actuator_strength_scale': 0.8},7.999999999999341,True,,1.0575596964366032,-0.01672329952334575,0.003764634734195593,-3.1164296584808193,0.13219496205458628,-0.002090412440418391,-0.00679899480591215,0.3251862223809263,0.09017794115913891,0.01672329952334575,0.0009488099468986832,-0.00043636572199587387,0.010800913352644909,0.0055903395109417504,0.4154658109844907,0.5904031111601681,0.6316930927858346,1.234333644967483,0.9997199145547673,62.76172286822249,71.993188798399,1.4536971012727624,3.28,2.035023606058388,19.290908701241495,0.2758826019516846,2.956,0,0,0.98,0.40960000000000013,0.0,0.0,0,1562.422807131513,2,0.169,3,0.13141620096505563
225,stress,S,"[0.45, 0, 0]",0.25,decomposed-arc,0.002,{'actuator_strength_scale': 0.8},0.3000000000000002,False,ik-target-rejected,0.04847563436223783,-0.012419284501050827,0.006669570625691398,3.5058710893507703,0.161585447874126,-0.041397615003502725,0.20396331219883734,0.3113523686019131,0.2500182822830039,0.012419284501050827,2.6207342164463044e-07,-0.0005872912154009646,0.006677475793801957,0.0036094011187841773,0.4784899507181798,0.5817669026820677,0.7916467084842149,1.1994021395473011,0.9996891873241129,2.893959914149717,4.855935867408675,1.4167809040084924,3.28,1.8444758087738529,12.967161469971773,0.020681897530279235,3.6733333333333333,0,1,0.4666666666666667,0.40960000000000013,175.2991846826303,32.963922291378964,0,1301.5996828554812,2,0.006666666666666667,3,0.16696021371750505
226,stress,B,"[0.45, 0, 0]",0.5,decomposed-arc,0.002,{'actuator_strength_scale': 0.8},7.999999999999341,True,,2.335898958014922,0.029843232786064513,0.00500203174484952,2.3854343158232685,0.29198736975188927,0.0037304040982583716,0.005204210362647217,0.19325590306115253,0.10832315020020025,0.029843232786064513,0.0011208812366972128,0.0,0.010460302445700398,0.0044278485144452805,0.24340436366647153,0.5550056727057603,1.2647314086486214,1.2088713626431289,0.999728561052601,101.41647437852085,106.5776256401805,1.0635484180837724,3.28,1.7109594139065354,24.789001669644858,0.5026900362376703,3.163,0,0,0.33166666666666517,0.5120000000000001,536.4108000000006,57.6,0,1405.5168009728134,1,0.04225,3,0.2921427261120096
227,stress,N,"[0.45, 0, 0]",0.5,decomposed-arc,0.002,{'actuator_strength_scale': 0.8},7.999999999999341,True,,1.0133317238986597,0.0028387982697167906,0.007211668664570921,4.982523912757679,0.1266664654873429,0.00035484978371462804,0.01087018091712242,0.33285058701184417,0.08222033269206241,0.0028387982697167906,0.0005272465248479633,-0.0002589245198926782,0.009482593411649726,0.00601932076998931,0.44533901676416365,0.6624341762469869,0.6512405555047011,0.9627211088007228,0.9998025736488483,61.34940819894014,68.58237393984244,1.4831848655275457,3.136571379605979,3.0036835387429046,23.57654046736588,0.27570637617038257,2.92225,0,0,0.98,0.40960000000000013,0.0,0.0,0,1060.3725718860658,2,0.13175,3,0.12729364845467414
228,stress,S,"[0.45, 0, 0]",0.5,decomposed-arc,0.002,{'actuator_strength_scale': 0.8},0.32000000000000023,False,ik-target-rejected,0.06483446148286585,0.01409513832526556,0.009934481471746116,-2.912048079481073,0.20260769213395566,0.04404730726645484,-0.1588275842603819,0.286508532416058,0.21135392560968344,0.01409513832526556,2.6207342164463044e-07,0.0,0.009945754870014506,0.0050600596761790064,0.5171611682291231,0.4319764124135497,0.761861298796696,0.8273905082216024,0.9998289178288305,2.3245646630482932,4.001607067610826,0.8583135495609767,2.1006471744633224,1.1898154866361677,15.483365232763687,0.02006260804142372,3.86875,0,1,0.5,0.40960000000000013,179.3019791743152,34.2119073254148,0,559.5381757369694,2,0.09375,3,0.17824471330388084
229,stress,B,"[0.45, 0, 0]",0.75,decomposed-arc,0.002,{'actuator_strength_scale': 0.8},7.999999999999341,True,,2.3583216887387555,-0.031463209402230866,0.0017395274607246468,0.5872470718369304,0.2947902110923687,-0.003932901175279183,0.001281174365781368,0.18879668837741417,0.10733749632445709,0.031463209402230866,2.6207342164463044e-07,-0.0005195104479920332,0.006782637661681218,0.004278039035570531,0.24647541980315374,0.5320957886232462,0.6905736461850523,0.9449470775199592,0.9998109456300288,100.1701089009739,105.69253623060722,1.0404823192772747,3.28,3.1376181161126797,16.678486418703603,0.5143866519117869,3.1105,0,0,0.326666666666665,1.0,533.7411750000042,57.6,0,1274.8700679089864,2,0.04725,3,0.2948657012150127
230,stress,N,"[0.45, 0, 0]",0.75,decomposed-arc,0.002,{'actuator_strength_scale': 0.8},7.999999999999341,True,,1.066317036549092,-0.00904950363320949,0.005252151865879358,2.7304582493985388,0.13328962956864748,-0.0011311879541512795,0.005956935817531114,0.3244820409544673,0.0877072030569533,0.00904950363320949,0.0013057127310900057,-0.0010471413478320424,0.009984921954051346,0.006048047571912645,0.4303639048365849,0.6213857094431174,0.628506259987056,0.9677241564923267,0.9998130805312029,66.08740739583135,73.67468761622706,1.5182908631399292,3.28,1.842735336775722,18.637900583825896,0.28650777162576335,2.792,0,0,0.98,0.40960000000000013,0.0,0.0,0,1139.5479216975345,2,0.2495,3,0.13363718061821142
231,stress,S,"[0.45, 0, 0]",0.75,decomposed-arc,0.002,{'actuator_strength_scale': 0.8},0.32000000000000023,False,ik-target-rejected,0.06258324837441395,0.011701065769821948,0.010042112131359452,-2.851916772392546,0.19557265117004347,0.03656583053069356,-0.1555479302221863,0.28613814693335105,0.19868515849652896,0.011701065769821948,2.6207342164463044e-07,-0.0005124959255267125,0.01005295062917036,0.005811347295836165,0.5825255470745865,0.7141563071854905,0.9476884278772343,1.3133796473241124,0.999603842793637,3.3099374895433917,5.531028226997441,1.2736168028463462,3.28,1.843839329296,16.146832127692665,0.025546164378654552,3.75625,0,1,0.5,0.40960000000000013,179.3019791743152,36.54996457419709,0,1284.8118482082712,2,0.00625,3,0.16629240336098267
232,geometry,B,"[0.18, 0, 0]",0.0,open-arc,0.002,{},7.999999999999341,True,,0.9419903558697013,-0.03732253852852488,0.0017117366439910104,-3.821067297307768,0.11774879448372236,-0.004665317316065994,-0.008336275659788388,0.07671699701666593,0.04896810784145937,0.03732253852852488,0.000769257768777854,-0.0003326687424457242,0.008238336803987695,0.002181472764486726,0.22463110539906433,0.271456657077185,1.1219807247487406,1.1583645240440466,0.9996040998815685,38.331046133786266,57.727874364362904,0.9960975046120627,3.0,3.292670128884637,24.012479147090744,0.3123876115084114,3.407,0,0,0.0,1.0,349.64203760921976,38.3043424199407,0,907.8574884553177,3,0.0,3,0.11679498962443328
233,geometry,N,"[0.18, 0, 0]",0.0,open-arc,0.002,{},7.999999999999341,True,,0.7584955514489887,0.004031362163932556,0.0013922344317583756,-1.2218288692995005,0.0948119439311314,0.000503920270491611,-0.002665617083149688,0.09621924532908468,0.03389336051432609,0.004031362163932556,1.4540209135165943e-06,-0.0006934168331572399,0.002702982341015847,0.001793075830048848,0.1954335229157342,0.18111522911297312,0.3194737629935156,0.26958028634474746,0.9999766110046473,37.09444188883383,55.411302440280394,1.1980857978208703,3.0,2.3113518616488604,22.311493864756613,0.2616568225203047,3.395,0,0,0.0,1.0,0.0,0.0,0,686.3989639097596,3,0.0,3,0.0944475480059006
234,geometry,S,"[0.18, 0, 0]",0.0,open-arc,0.002,{},0.6000000000000004,False,ik-target-rejected,0.06247367289306867,-0.021743881523238712,0.008208727150933319,4.78451231164595,0.10412278815511437,-0.03623980253873116,0.139175821567378,0.10908161578067833,0.21128256536455317,0.021743881523238712,1.4540209135165943e-06,-0.00017580682939677406,0.00820889522893209,0.004680708347970097,0.4106061111850759,0.6520031765246167,0.7172273242381864,1.0758105164944616,0.9997981885687098,3.223591401993443,8.241597571164936,1.193855272552598,2.5,1.307141170214395,25.189557220593276,0.06317185605504656,4.976666666666667,0,1,0.0,0.40960000000000013,81.21045837087912,32.33561333986843,0,956.4577645565436,3,0.0,3,0.11084380929513593
235,geometry,B,"[0.18, 0, 0]",0.25,open-arc,0.002,{},7.999999999999341,True,,0.9205051198611374,0.011037505729195816,0.0012955404446375284,0.9682819654875888,0.11506313998265165,0.0013796882161495906,0.0021124635481802397,0.07607044925195751,0.033459453376189774,0.011037505729195816,1.6611209284638624e-05,-0.0007527621364089854,0.0023423329777294277,0.0015345433956705313,0.08229814740623267,0.2094157154949299,0.5199616265243586,0.4110807949908246,0.9999587692786654,37.8094480101721,56.575047595370286,1.0061926972266284,3.0,2.3721839108620153,20.994012662432603,0.31216244163266094,3.3755,0,0,0.0,1.0,337.7940862083612,36.45388491079332,0,660.461278070062,3,0.0,3,0.11522184476607922
236,geometry,N,"[0.18, 0, 0]",0.25,open-arc,0.002,{},7.999999999999341,True,,0.7432297507322089,-0.0014655288128346947,0.00167865266881931,-0.9689071031771119,0.09290371884153376,-0.00018319110160435194,-0.002113827387050301,0.0981069828753771,0.03577407464180377,0.0014655288128346947,1.7550622358128215e-05,-0.0009400411873040082,0.002662316574178092,0.0017658184612565592,0.19138695371756956,0.1757309685316698,0.27766082552620525,0.26103116763549156,0.9999779574472158,36.61449631050532,54.88412265464252,1.2068891555871264,2.611357598699935,1.6082033076841424,22.04839952644868,0.26513697445368306,3.39525,0,0,0.0,1.0,0.0,0.0,0,631.2663985805074,3,0.0,3,0.09266419801758019
237,geometry,S,"[0.18, 0, 0]",0.25,open-arc,0.002,{},0.6000000000000004,False,ik-target-rejected,0.06572149293334693,-0.009647785315375499,0.009730700849113061,2.5694675949290224,0.10953582155557814,-0.016079642192292486,0.07474278259135228,0.1151528285167621,0.1830613834009477,0.009647785315375499,4.452916409805371e-05,-0.0007333042704205095,0.009730889695822115,0.0052649520454622735,0.3338899898821214,0.6323715793108478,0.5400032331915505,1.0249616060070892,0.9998127965313668,3.997175652421008,8.99507593396697,1.4741929234535005,2.5,1.3480612701595935,24.5755443160355,0.07645792840804665,4.503333333333333,0,1,0.0,0.40960000000000013,219.67480671425506,29.91879130713675,0,667.6909092913561,2,0.01,3,0.1104501573521696
238,geometry,B,"[0.18, 0, 0]",0.5,open-arc,0.002,{},7.999999999999341,True,,0.9258360917185823,0.0546255484490258,0.0017698990884429313,4.975431203545737,0.11572951146483232,0.006828193556128788,0.010854707026043053,0.07841770109631782,0.06469485656140862,0.0546255484490258,0.0013285991189888387,0.0,0.006617053659066174,0.001870198647396597,0.2440623776782522,0.28270181608232897,1.1762327839572673,1.2102041144989788,0.9995923428613089,38.34675885487879,57.5510183230869,1.012927112601137,2.5,1.36508042086066,24.23876939611239,0.30842113967938783,3.3915,0,0,0.0,1.0,349.64200897792387,38.304339283295704,0,815.4327062629178,3,0.0,3,0.11658397678165626
239,geometry,N,"[0.18, 0, 0]",0.5,open-arc,0.002,{},7.999999999999341,True,,0.7579477245886168,0.007186260693302311,0.0021229051426598393,0.006671411897674409,0.0947434655735849,0.000898282586662863,1.4554762921393883e-05,0.0966329087210276,0.03283572334941892,0.007186260693302311,1.4540209135165943e-06,-0.0012890362390329257,0.002662463577059543,0.0018112640016845092,0.19667349265453107,0.1863296685530398,0.3351332197588475,0.30673456976251706,0.9999723909027382,37.03625580174962,56.04799676294168,1.1970341849014288,3.0,2.3183726826477296,22.549700846490786,0.26216262550266883,3.38575,0,0,0.0,1.0,0.0,0.0,0,631.3093907417851,3,0.0,3,0.09465249562959308
240,geometry,S,"[0.18, 0, 0]",0.5,open-arc,0.002,{},0.5800000000000004,False,ik-target-rejected,0.07646524562990949,0.01689387419383917,0.0068083858411308144,-1.3004964533086425,0.13183663039639557,0.029127369299722688,-0.03913438796680086,0.09992600825648944,0.06654234588304776,0.01689387419383917,1.4540209135165943e-06,0.0,0.006994507792640742,0.0045055097193516845,0.3787862874638912,0.530737675393856,0.6686116168988555,0.8402117161113474,0.9998890265019769,2.913853424122721,7.444589875045991,0.9115761496194328,2.5,1.259600341369837,18.117194202171945,0.06606684758807999,4.817241379310345,0,1,0.0,0.40960000000000013,80.96285855154068,32.33561598774962,0,545.660682255459,3,0.0,3,0.12342230738533776
241,geometry,B,"[0.18, 0, 0]",0.75,open-arc,0.002,{},7.999999999999341,True,,0.9260711486173319,-0.012859212346962268,0.0012303508026576349,-1.0689849269496474,0.11575889357717602,-0.001607401543370416,-0.0023321633286829935,0.07541363457071676,0.03455567332586282,0.012859212346962268,1.099236728641072e-05,-0.00017971757607951333,0.0019688276037549135,0.0015081535275943531,0.08331392701024906,0.20956993116376668,0.5058424802194302,0.4543292108582182,0.9999553890874958,37.83813091415966,56.675700636916105,1.0008792993512916,3.0,2.3620645165836955,21.699309006508447,0.31244646370496976,3.3735,0,0,0.0,1.0,337.7940585472647,36.45388192567759,0,648.7469754795057,3,0.0,3,0.11549291232747758
242,geometry,N,"[0.18, 0, 0]",0.75,open-arc,0.002,{},7.999999999999341,True,,0.7404159628755166,0.008038348780858035,0.0010309304331830578,-0.501886279566898,0.09255199535944719,0.0010047935976073372,-0.001094946006128479,0.09866461879133927,0.03556358266537446,0.008038348780858035,0.00010014257744095317,-0.0015874295015742002,0.002437413259326615,0.0017730192942432296,0.19287881723416256,0.1746728438177075,0.2841039034584498,0.2768756688413124,0.9999761637151108,36.56592803017943,54.688424183567776,1.209799735821016,2.5970729720388572,1.5985727419245488,21.868817659738365,0.2673764738956111,3.39425,0,0,0.0,1.0,0.0,0.0,0,571.6705498207062,3,0.0,3,0.09242182262210093
243,geometry,S,"[0.18, 0, 0]",0.75,open-arc,0.002,{},0.5800000000000004,False,ik-target-rejected,0.07374243976156653,0.008850847628345532,0.008036639734452946,0.9010510920250273,0.1271421375199422,0.015260082117837113,0.02711432462849506,0.12131844325159342,0.11088478266569624,0.008850847628345532,0.00021410976042220245,-0.00016796623166653868,0.008036869526283158,0.004819771552996559,0.39400591828045445,0.621987102283366,0.6775618816545993,1.1240307106691516,0.9997402519950102,3.5957860564618676,8.288487225270233,1.1860657085515767,4.1,1.8285889142582918,21.388440889248226,0.07318353412691389,4.427586206896552,0,1,0.0,0.40960000000000013,219.67482470286717,28.294579822747945,0,655.898476621094,3,0.0,3,0.12335110126181371
244,geometry,B,"[0.45, 0, 0]",0.0,open-arc,0.002,{},7.999999999999341,True,,2.287859169830495,0.054354315245250306,0.003519705988286065,2.676660533671209,0.2859823962288354,0.006794289405656848,0.0058395674088443745,0.18604029601458527,0.10318591374208104,0.054354315245250306,0.0,0.0,0.006830011231047178,0.003349582117995296,0.21664150155364165,0.5115896565317486,0.6515505887342132,1.0273750730875189,0.9998341625161655,90.20671264619934,121.74689336122921,0.9656623292644282,3.0,2.479527867015675,28.390604501267592,0.6146606382068669,3.498,0,0,0.33166666666666517,0.5120000000000001,536.4108000000009,57.6,0,1186.7313152428935,2,0.00225,3,0.2862096480600261
245,geometry,N,"[0.45, 0, 0]",0.0,open-arc,0.002,{},7.999999999999341,True,,1.0852322545485964,-0.0026733633895852514,0.004460272396007374,-2.915449220868217,0.13565403181858574,-0.00033417042369818397,-0.006360523509857243,0.31928544633253103,0.07325691497798466,0.0026733633895852514,0.0,-0.00020075808792294203,0.006795753215250833,0.0047878481465433035,0.40056252483883653,0.5521748635702795,0.5872324934589838,0.8059849645542125,0.9998491600748695,54.496539987097385,80.0322813586573,1.2302210946964542,3.6928963396236014,2.5526604726740723,27.074810378833924,0.36986344630442136,3.489,0,0,0.98,0.40960000000000013,0.0,0.0,0,1763.1516853162723,2,0.00375,3,0.1346700811357965
246,geometry,S,"[0.45, 0, 0]",0.0,open-arc,0.002,{},0.3000000000000002,False,ik-target-rejected,0.04378615469845058,-0.018199941151752767,0.004921715895451744,1.2180929963354201,0.14595384899483518,-0.060666470505842514,0.0708657779384543,0.3266024928294247,0.1015819517515737,0.018199941151752767,0.0,0.0,0.004921831004279342,0.0021164264560246805,0.513154604944898,0.40653265730621635,0.7303458824491278,0.8103641987165385,0.9998330034227672,1.8114697945218408,4.069126225306136,0.9358931365872287,2.5,1.1696240600952752,24.51636993116655,0.029293321622769063,4.8,0,1,0.4666666666666667,0.40960000000000013,175.2991846826303,30.625865234054224,0,499.960142053159,2,0.013333333333333334,3,0.14341521526616705
247,geometry,B,"[0.45, 0, 0]",0.25,open-arc,0.002,{},7.999999999999341,True,,2.2842569643939554,0.11612498065795386,0.0025902806373577156,4.841602201726315,0.28553212054926796,0.014515622582245428,0.01056273743649223,0.1857432145822548,0.0970765117613858,0.11612498065795386,4.546506664444685e-06,-0.0008877267607310391,0.004462276454006764,0.0031589376338795245,0.21021606312111532,0.4818584222979165,0.4216442749376617,0.8470035593701344,0.9998791819548458,88.83613341665858,120.92512765770635,0.9515299604627036,3.276197502645105,3.1106168471052955,26.685060035483957,0.6152527783051359,3.45825,0,0,0.326666666666665,1.0,533.7411750000023,57.6,0,1291.8548079977988,2,0.002,3,0.28642678920568077
248,geometry,N,"[0.45, 0, 0]",0.25,open-arc,0.002,{},7.999999999999341,True,,1.1052664904764342,-0.009660695438488439,0.0033209820837129377,-3.026166953123381,0.13815831130956566,-0.0012075869298111544,-0.006602072130881531,0.3169939976703408,0.07998177422817554,0.009660695438488439,0.0,-0.0008111475214628849,0.009888539050906392,0.004768604089851607,0.40160865423768527,0.5374498559692834,0.6608959312959235,1.0125319684037828,0.999780738516515,57.041430109318185,85.41903973989807,1.264285228920287,4.1,2.020385156053704,31.356921685850004,0.38062810119772494,3.4725,0,0,0.98,0.40960000000000013,0.0,0.0,0,1562.422807131513,2,0.01425,3,0.13738119042484795
249,geometry,S,"[0.45, 0, 0]",0.25,open-arc,0.002,{},0.3000000000000002,False,ik-target-rejected,0.041781585529840674,-0.01827705898247222,0.005300475400932845,2.000882102565132,0.1392719517661355,-0.060923529941574024,0.1164066021132947,0.33079991988674845,0.1684434441456218,0.01827705898247222,4.884045494540092e-06,-0.0008698005123256858,0.005300584411937592,0.002709977377121687,0.3915828036361315,0.5850348474345548,0.553922280318401,1.1973343551397206,0.999735005650505,2.52591185461407,5.520308827138335,1.356908897613599,3.2919581889264062,1.8294300558470749,21.796659588381686,0.031470597821462734,4.56,0,1,0.4666666666666667,0.40960000000000013,175.2991846826303,32.963922291378964,0,1301.5996828554812,3,0.0,3,0.13646651673355786
250,geometry,B,"[0.45, 0, 0]",0.5,open-arc,0.002,{},7.999999999999341,True,,2.2821707315241593,0.022482058888717037,0.003614827517090788,-0.0439933891155838,0.2852713414405434,0.002810257361089861,-9.59786861472546e-05,0.18856254935908767,0.10630948256554375,0.022482058888717037,0.0,0.0,0.00795090974272461,0.0035024048853221183,0.22575054136084255,0.5085476411221347,0.8047393366006124,1.0639863174096655,0.9998222513586104,90.32103681253669,122.85972997379751,0.9695226548310422,2.8976602336469517,1.7014144931686874,27.104079822878198,0.6331955230315315,3.468,0,0,0.33166666666666517,0.5120000000000001,536.4108000000006,57.6,0,1405.5168009728134,2,0.00575,3,0.28496097757727795
251,geometry,N,"[0.45, 0, 0]",0.5,open-arc,0.002,{},7.999999999999341,True,,1.071291992886185,0.01418336489465182,0.006384963914238059,4.076270208677997,0.13391149911078415,0.0017729206118316237,0.008893042042799153,0.3229979345830899,0.0711695780333109,0.01418336489465182,0.0,-0.000571907679561251,0.008503848233823996,0.0052259136038579805,0.43505323842754057,0.615233559935054,0.6044056763020423,0.9545839708187753,0.9998087535043668,55.78149557091264,81.50282767010208,1.2755059442123706,3.0,3.032575436039677,27.923590671320767,0.3708588951997657,3.46925,0,0,0.98,0.40960000000000013,0.0,0.0,0,1060.3725718860658,2,0.019,3,0.13438913762477916
252,geometry,S,"[0.45, 0, 0]",0.5,open-arc,0.002,{},0.32000000000000023,False,ik-target-rejected,0.05344655680020245,0.019841706252865642,0.008666300749843382,-1.0551255473480505,0.16702049000063254,0.062005332040205086,-0.05754817132228372,0.3114736883267781,0.09611432663844753,0.019841706252865642,0.0,0.0,0.008666479509911035,0.004239014258259967,0.5015941218673536,0.48094242299864465,0.7221627689013838,1.0107104733313839,0.9997784578004425,2.0891396591533655,4.535058032065022,0.8977363864818731,2.5,1.168488711490058,24.77124900419887,0.031223418147246388,4.8625,0,1,0.5,0.40960000000000013,179.3019791743152,34.2119073254148,0,559.5381757369694,3,0.0,3,0.1504952304801834
253,geometry,B,"[0.45, 0, 0]",0.75,open-arc,0.002,{},7.999999999999341,True,,2.299730036674557,-0.07410378100445998,0.0018515947663072028,-3.1322021428572735,0.28746625458434333,-0.009262972625558261,-0.006833405028860714,0.18496168542572294,0.09596115433099264,0.07410378100445998,2.4835078120165957e-05,-0.0007951628694783386,0.004603795188380888,0.0032021407843964757,0.20899400642760327,0.482643981386735,0.40636230838262233,0.8403479214644136,0.9998801849461201,88.79967134141296,120.28956912118788,0.9454692367796473,4.1,3.2083351621717586,26.795551170022748,0.6107279092227815,3.444,0,0,0.326666666666665,1.0,533.7411750000042,57.6,0,1274.8700679089864,2,0.00275,3,0.28672707401945896
254,geometry,N,"[0.45, 0, 0]",0.75,open-arc,0.002,{},7.999999999999341,True,,1.11585513826412,-0.00034377222361398014,0.0047747947963143805,3.373651581881706,0.1394818922830265,-4.2971527951751055e-05,0.007360165989869462,0.3162221112858827,0.07857640950292225,0.00034377222361398014,8.827126426941463e-05,-0.0013852812248433544,0.00901351778243864,0.005271872223702795,0.43461302831289145,0.5698300035664071,0.6121382654942519,0.854280095985814,0.999832686916528,59.97613553961181,88.43116701995548,1.3167668725836084,3.4105039188014756,1.8277847160369391,28.931590950646495,0.38923364969293933,3.2905,0,0,0.98,0.40960000000000013,0.0,0.0,0,1139.5479216975345,2,0.1,3,0.139999101520476
255,geometry,S,"[0.45, 0, 0]",0.75,open-arc,0.002,{},0.32000000000000023,False,ik-target-rejected,0.05582869711550514,0.01883339871237111,0.008214515484252134,-2.2651452520726094,0.17446467848595343,0.058854370976159684,-0.12354450838932474,0.3049685411844734,0.17878650163782558,0.01883339871237111,8.08079212314678e-06,-0.0007833497650495125,0.008214700490182553,0.004590779401518468,0.44170857038079386,0.6940329951994558,0.654119940393579,1.3159030429559524,0.9996711792641002,2.8665973106487987,6.2413500342271995,1.191911012962457,3.267490740479917,1.8323769122138847,21.598824326864857,0.03597238894538158,4.425,0,1,0.5,0.40960000000000013,179.3019791743152,36.54996457419709,0,1284.8118482082712,3,0.0,3,0.14818348117593746
256,timestep,B,"[0.45, 0, 0]",0,decomposed-arc,0.001,{},8.000000000001005,True,,2.257629230678572,0.14406072925883057,0.004790942034877496,6.644848262717331,0.282203653834786,0.01800759115735156,0.014496810059978504,0.19650658258700898,0.1271484038036034,0.14406072925883057,0.0003916521303299011,0.0,0.010999545925008375,0.006292768060591303,0.2952175847756035,0.6150514554864288,1.2992211409408672,1.2271145987919625,0.9996852752845846,92.70669111319977,133.84310450300413,1.003955187134617,3.0,2.598175856473915,23.265107109453037,0.5025930146448916,3.15325,0,0,0.33166666666666517,0.5120000000000001,536.4108000000009,57.6,0,1186.7313152428935,2,0.0395,3,0.28309649543332394
257,timestep,N,"[0.45, 0, 0]",0,decomposed-arc,0.001,{},8.000000000001005,True,,0.9977449946849458,0.0037665070168194014,0.0064534747188942565,-2.4237839578388116,0.12471812433560256,0.000470813377102366,-0.005287876302662671,0.33054812584783844,0.08101231279757466,0.0037665070168194014,2.7466708269649e-06,0.0,0.00962970570266583,0.007353504441723401,0.43908084145171045,0.6391415614756517,0.7265636433128707,0.9005922786733827,0.9998227989524822,53.00369450684714,83.17422110127706,1.3014327782969102,3.705302056802641,2.6378113191452033,21.99806894063673,0.281040218712648,2.87,0,0,0.98,0.40960000000000013,0.0,0.0,0,1763.1516853162723,2,0.226625,3,0.123802926589604
258,timestep,S,"[0.45, 0, 0]",0,decomposed-arc,0.001,{},0.3000000000000002,False,ik-target-rejected,0.04773569395356939,-0.015530912346730569,0.007020951536241798,2.6644983848805115,0.15911897984523118,-0.051769707822435194,0.15501423243411996,0.31626656913428525,0.19968441348976468,0.015530912346730569,2.7466708269649e-06,0.0,0.007069126097452472,0.0031876991877804726,0.5506010096536542,0.4013942690319665,0.7969289168900088,0.8001818051885187,0.9998239130074784,1.8867932725513703,4.7946016779599585,0.9208108418894196,2.5,1.1987583669301904,13.232412313950014,0.01784009585937552,4.05,0,1,0.4666666666666667,0.40960000000000013,175.2991846826303,30.625865234054224,0,499.960142053159,2,0.07,3,0.16460994522510183
259,timestep,B,"[0.45, 0, 0]",0.5,decomposed-arc,0.001,{},8.000000000001005,True,,2.266529402914883,-0.025255370245159135,0.005945311453992968,1.2976250395403188,0.2833161753643248,-0.003156921280644495,0.0028309786745371653,0.1986708229427204,0.13105905699391587,0.025255370245159135,0.001992038186951705,0.0,0.013498302315649219,0.00648823816936948,0.3154990643362205,0.6164084545931632,1.4288570701007095,1.3584036514489648,0.9996682857947807,92.36803448060932,133.86392157646637,0.998324286047587,3.4545574635773995,1.6283696561037584,27.694661187190054,0.5140266880900461,3.15975,0,0,0.33166666666666517,0.5120000000000001,536.4108000000006,57.6,0,1405.5168009728134,2,0.040875,3,0.2832277286229009
260,timestep,N,"[0.45, 0, 0]",0.5,decomposed-arc,0.001,{},8.000000000001005,True,,0.9730765843764928,0.0030660350575936546,0.008388907808628871,5.9880919640003665,0.12163457304704631,0.00038325438219915863,0.013063990085500878,0.33640147003341986,0.08323319690310467,0.0030660350575936546,0.000655526526744987,-0.0002452957174028658,0.011330577078649595,0.007822086257758211,0.4691394208937683,0.7026893081514418,0.7437573246943814,1.0465512989032817,0.9997812672524057,54.945083944931234,86.12834352711687,1.383304896588052,3.0,3.1039225079286683,19.233924289673503,0.2907787069334978,2.931375,0,0,0.98,0.40960000000000013,0.0,0.0,0,1060.3725718860658,2,0.143875,3,0.12242782243455307
261,timestep,S,"[0.45, 0, 0]",0.5,decomposed-arc,0.001,{},0.32000000000000023,False,ik-target-rejected,0.06348128074510123,0.014986120027688447,0.011109357389835543,-2.55176715835671,0.19837900232844122,0.046831625086526364,-0.13917730830495026,0.29068386530266693,0.1844735148744098,0.014986120027688447,2.7466708269649e-06,0.0,0.01114612952345903,0.005662076440179643,0.6371601536545957,0.5183070783129713,0.9390710219584903,1.0423868518288522,0.9997505382688057,2.2355511055569472,5.514117799141999,0.8396548372988681,2.5,1.2001560828701865,13.1274322693347,0.020943182827715266,4.140625,0,1,0.5,0.40960000000000013,179.3019791743152,34.2119073254148,0,559.5381757369694,2,0.028125,3,0.1736652793379347
262,timestep,B,"[0.45, 0, 0]",0,decomposed-arc,0.004,{},7.999999999999562,True,,2.253230644662715,0.14043573757129993,0.005245788577347959,6.651762988169729,0.2816538305828548,0.017554467196413452,0.014511895650733093,0.19752289808797824,0.13048224076474554,0.14043573757129993,0.0006028353154449992,0.0,0.01110559224481461,0.006366459115761968,0.30023708175706204,0.6016824978352773,1.3291994260545403,1.22993930353015,0.9996796304837252,100.41785173145861,135.25942305698777,1.0896866652210702,3.0,2.3334460975058855,27.537067450330657,0.48383074846942764,3.1425,0,0,0.33166666666666517,0.5120000000000001,536.4108000000009,57.6,0,1186.7313152428935,2,0.046,3,0.2825456720160083
263,timestep,N,"[0.45, 0, 0]",0,decomposed-arc,0.004,{},7.999999999999562,True,,0.9896846118413097,0.002553926175404593,0.006612771867318093,-2.4072187736496673,0.12371057648017049,0.0003192407719255916,-0.005251736677001138,0.3318399949041677,0.08370918883287419,0.002553926175404593,0.0,0.0,0.00966136960746325,0.007383304670239843,0.43862434945937484,0.6200198462169009,0.7146779138787335,0.878750743261862,0.999820934189152,58.69664804679601,84.79643153525414,1.4529587615175759,3.7360522118641817,2.3707455588004995,13.640373778303308,0.2722561666399629,2.8625,0,0,0.98,0.40960000000000013,0.0,0.0,0,1763.1516853162723,2,0.223,3,0.12280586885073573
264,timestep,S,"[0.45, 0, 0]",0,decomposed-arc,0.004,{},0.3000000000000002,False,ik-target-rejected,0.04752275894908767,-0.015469814072043085,0.006980951767877461,2.5438252586790333,0.15840919649695878,-0.05156604690681025,0.14799375453115188,0.31688163709345135,0.19516972850167658,0.015469814072043085,0.0,0.0,0.007010444692920725,0.0031736021613256392,0.5638114474495373,0.4025150578207069,0.8217578220834605,0.7973715494116754,0.9998234365564438,1.9688194874666494,4.846776049217287,0.96509840848339,2.5,1.132817656137102,13.2396675486616,0.017611072199330533,4.066666666666666,0,1,0.4666666666666667,0.40960000000000013,175.2991846826303,30.625865234054224,0,499.960142053159,2,0.013333333333333334,3,0.16328581080939056
265,timestep,B,"[0.45, 0, 0]",0.5,decomposed-arc,0.004,{},7.999999999999562,True,,2.2603351316206397,-0.030183380350789275,0.006568125538392826,1.2971909095313692,0.28254189145259545,-0.003772922543848866,0.0028300315497829403,0.2000612136670637,0.13370318807093218,0.030183380350789275,0.0021603642114714936,0.0,0.013568774652291726,0.00656854280114019,0.31791191609322134,0.6015532547428959,1.4260438176947803,1.3507999137087858,0.9996598615172358,100.17272326824411,135.47718644045415,1.0856158587114118,3.4504703735100954,1.462453318229774,22.468032049069524,0.4901109951481312,3.1405,0,0,0.33166666666666517,0.5120000000000001,536.4108000000006,57.6,0,1405.5168009728134,2,0.046,3,0.2824542307085154
266,timestep,N,"[0.45, 0, 0]",0.5,decomposed-arc,0.004,{},7.999999999999562,True,,0.9705821107200352,-0.0023185141307982206,0.008595229243175649,5.130608149442253,0.12132276384001103,-0.00028981426634979346,0.011193250604678186,0.3370794453558353,0.08501289189400732,0.0023185141307982206,0.00214404594570546,-0.00024353738375024192,0.011415407758442353,0.00782997532470732,0.46491847191334457,0.686819066890143,0.7181260967740889,1.0143695545691551,0.9997842566109122,60.60038312535062,87.72394009364717,1.5296078341939658,3.0,2.835206784621375,19.421518329062227,0.27835504382620374,2.9385,0,0,0.98,0.40960000000000013,0.0,0.0,0,1060.3725718860658,2,0.1425,3,0.12196578009520882
267,timestep,S,"[0.45, 0, 0]",0.5,decomposed-arc,0.004,{},0.32000000000000023,False,ik-target-rejected,0.06260884495394586,0.015379524858613151,0.011127259848111547,-2.4167956401645543,0.1956526404810807,0.048061015183166064,-0.1318157539647361,0.2932410387558019,0.17680468403763802,0.015379524858613151,0.0,0.0,0.011153621067698793,0.005653126192025254,0.6321646510303861,0.5228244679307509,0.9376005453424016,1.0573353899368403,0.9997367908038495,2.3254896478284834,5.637726798434489,0.8836781912315325,2.5,1.137501451449899,12.238082498856466,0.021604871964174804,4.1375,0,1,0.5,0.40960000000000013,179.3019791743152,34.2119073254148,0,559.5381757369694,2,0.0375,3,0.1714829921370447
